-- MySQL dump 10.13  Distrib 5.7.9, for Win64 (x86_64)
--
-- Host: localhost    Database: funasa
-- ------------------------------------------------------
-- Server version	5.7.11-log

/*!40101 SET @OLD_CHARACTER_SET_CLIENT=@@CHARACTER_SET_CLIENT */;
/*!40101 SET @OLD_CHARACTER_SET_RESULTS=@@CHARACTER_SET_RESULTS */;
/*!40101 SET @OLD_COLLATION_CONNECTION=@@COLLATION_CONNECTION */;
/*!40101 SET NAMES utf8 */;
/*!40103 SET @OLD_TIME_ZONE=@@TIME_ZONE */;
/*!40103 SET TIME_ZONE='+00:00' */;
/*!40014 SET @OLD_UNIQUE_CHECKS=@@UNIQUE_CHECKS, UNIQUE_CHECKS=0 */;
/*!40014 SET @OLD_FOREIGN_KEY_CHECKS=@@FOREIGN_KEY_CHECKS, FOREIGN_KEY_CHECKS=0 */;
/*!40101 SET @OLD_SQL_MODE=@@SQL_MODE, SQL_MODE='NO_AUTO_VALUE_ON_ZERO' */;
/*!40111 SET @OLD_SQL_NOTES=@@SQL_NOTES, SQL_NOTES=0 */;

--
-- Table structure for table `bendem`
--

DROP TABLE IF EXISTS `bendem`;
/*!40101 SET @saved_cs_client     = @@character_set_client */;
/*!40101 SET character_set_client = utf8 */;
CREATE TABLE `bendem` (
  `fk_Beneficiarios` int(11) NOT NULL,
  `fk_Demandas` int(11) NOT NULL,
  KEY `fk_Demandas` (`fk_Demandas`),
  KEY `fk_Beneficiarios` (`fk_Beneficiarios`),
  CONSTRAINT `bendem_ibfk_1` FOREIGN KEY (`fk_Demandas`) REFERENCES `demandas` (`idDem`) ON DELETE CASCADE ON UPDATE CASCADE,
  CONSTRAINT `bendem_ibfk_2` FOREIGN KEY (`fk_Beneficiarios`) REFERENCES `beneficiarios` (`idBen`) ON DELETE NO ACTION ON UPDATE NO ACTION
) ENGINE=InnoDB DEFAULT CHARSET=utf8;
/*!40101 SET character_set_client = @saved_cs_client */;

--
-- Dumping data for table `bendem`
--

LOCK TABLES `bendem` WRITE;
/*!40000 ALTER TABLE `bendem` DISABLE KEYS */;
INSERT INTO `bendem` VALUES (15,48),(15,49),(15,50),(15,51),(15,52),(15,53),(15,54),(15,55),(15,56),(15,57),(15,58),(22,58),(15,59),(22,59),(15,60),(15,61),(15,62),(15,63),(15,64),(15,65),(15,66),(15,67),(15,68),(15,69),(15,70),(15,71),(17,72),(24,72),(16,72),(15,73),(15,74),(15,75),(15,76),(15,77),(15,78),(15,79),(15,80),(22,80),(15,82),(15,83),(15,84),(15,85),(15,86),(15,87),(15,88),(15,89),(15,90),(15,91),(15,93),(22,93),(24,95),(17,95),(16,95),(15,96),(24,97),(17,97),(16,97),(18,97),(16,98),(17,98),(24,98),(15,99),(15,101),(24,102),(17,102),(16,102),(15,103),(15,104),(23,104),(15,105),(15,106),(18,106),(15,107),(15,108),(15,109),(16,109),(22,109),(15,110),(23,111),(23,112),(23,113),(23,114),(15,116),(15,117),(15,119),(15,120),(15,121),(24,122),(17,122),(16,122),(18,122),(22,123),(15,123),(15,124),(15,125),(18,126),(15,126),(22,126),(15,127),(15,128),(15,129),(18,130),(15,130),(24,131),(17,131),(16,131),(18,131),(18,132),(15,132),(15,133),(15,135),(15,137),(15,138),(23,140),(22,140),(15,140),(15,141),(15,145),(15,146),(15,147),(15,148),(15,149),(15,150),(15,151),(15,152),(15,153),(22,154),(18,154),(15,154),(15,155),(15,157),(15,158),(15,160),(15,161),(15,164),(15,165),(22,166),(15,167),(15,168),(11,169),(10,169),(16,170),(17,170),(15,170),(16,172),(17,172),(15,172),(15,173),(16,173),(17,173),(16,175),(17,175),(15,175),(15,176),(16,176),(22,176),(15,177),(15,178),(22,178),(16,178),(17,178),(15,179),(15,180),(15,182),(15,183),(15,184),(15,185),(15,186),(15,187),(15,188),(15,189),(17,190),(24,190),(16,190),(15,192),(15,193),(15,194),(15,195),(16,196),(17,196),(24,196),(17,198),(16,198),(16,199),(17,199),(24,199),(16,200),(17,200),(24,200),(15,201),(15,202),(16,202),(17,202),(17,203),(16,203),(15,203),(15,204),(16,204),(17,204),(17,205),(16,205),(15,205),(17,206),(16,206),(15,206),(15,207),(16,207),(17,207),(15,208),(15,209),(15,210),(15,211),(15,212),(15,215),(15,216),(15,217),(15,218),(15,219),(15,220),(15,221),(15,222),(15,223),(15,225),(15,226),(15,227),(15,228),(15,229),(24,230),(18,230),(15,230),(24,231),(18,231),(15,231),(18,232),(24,232),(15,232),(15,233),(18,234),(16,234),(17,234),(24,234),(18,235),(16,235),(17,235),(24,235),(16,236),(17,236),(24,236),(16,237),(17,237),(24,237),(22,238),(15,238),(16,239),(15,239),(16,240),(15,240),(15,241),(15,242),(15,243),(15,244),(15,245),(15,246),(15,247),(15,248),(15,250),(15,251),(15,252),(15,253),(15,254),(15,255),(15,256),(15,257),(25,258),(15,258),(15,259),(15,260),(15,261),(15,262),(15,263),(15,264),(15,265),(15,266),(15,267),(15,268),(15,269),(15,270),(15,271),(15,272),(15,273),(15,274),(25,275),(15,275),(15,276),(15,277),(15,278),(15,279),(15,280),(15,281),(15,282),(25,283),(15,283),(15,284),(15,285),(15,286),(15,287),(15,288),(15,289),(15,290),(15,291),(23,292),(15,293),(15,294),(15,296),(15,297),(23,298),(23,299),(23,300),(15,301),(15,302),(15,303),(15,304),(15,305),(15,306),(15,307),(15,308),(15,309),(15,310),(15,311),(15,312),(15,313),(15,314),(15,315),(15,316),(16,317),(17,317),(24,317),(15,319),(15,320),(15,322),(15,323),(15,324),(15,325),(15,326),(15,327),(15,328),(15,329),(15,330),(15,331),(15,332),(15,334),(15,335),(15,337),(25,338),(15,339),(15,340),(15,341),(15,342),(25,343),(16,344),(17,344),(24,344),(22,344),(18,344),(22,345),(18,345),(24,345),(17,345),(16,345),(24,346),(17,346),(16,346),(22,346),(18,346),(18,347),(22,347),(16,347),(17,347),(24,347),(18,348),(22,348),(16,348),(17,348),(24,348),(24,349),(17,349),(16,349),(22,349),(18,349),(24,350),(17,350),(16,350),(22,350),(18,350),(24,351),(17,351),(16,351),(22,351),(18,351),(24,352),(17,352),(16,352),(22,352),(18,352);
/*!40000 ALTER TABLE `bendem` ENABLE KEYS */;
UNLOCK TABLES;

--
-- Table structure for table `beneficiarios`
--

DROP TABLE IF EXISTS `beneficiarios`;
/*!40101 SET @saved_cs_client     = @@character_set_client */;
/*!40101 SET character_set_client = utf8 */;
CREATE TABLE `beneficiarios` (
  `idBen` int(11) NOT NULL AUTO_INCREMENT,
  `beneficiario` varchar(45) DEFAULT NULL,
  PRIMARY KEY (`idBen`)
) ENGINE=InnoDB AUTO_INCREMENT=26 DEFAULT CHARSET=utf8;
/*!40101 SET character_set_client = @saved_cs_client */;

--
-- Dumping data for table `beneficiarios`
--

LOCK TABLES `beneficiarios` WRITE;
/*!40000 ALTER TABLE `beneficiarios` DISABLE KEYS */;
INSERT INTO `beneficiarios` VALUES (10,'Interno Coordenação'),(11,'Interno Diretoria'),(12,'Interno Presidência'),(13,'Interno Superintendência'),(15,'Interno Todos'),(16,'Externo Governos Municipais'),(17,'Externo Governos Estaduais'),(18,'Externo Cidadões'),(19,'Externo Deputados'),(20,'Externo Senadores'),(21,'Externo Executivo'),(22,'Externo Outros'),(23,'Todos'),(24,'Externo Governo Federal'),(25,'Externo Todos');
/*!40000 ALTER TABLE `beneficiarios` ENABLE KEYS */;
UNLOCK TABLES;

--
-- Table structure for table `demandas`
--

DROP TABLE IF EXISTS `demandas`;
/*!40101 SET @saved_cs_client     = @@character_set_client */;
/*!40101 SET character_set_client = utf8 */;
CREATE TABLE `demandas` (
  `idDem` int(11) NOT NULL AUTO_INCREMENT,
  `titulo` varchar(120) DEFAULT NULL,
  `tipoSistema` varchar(30) DEFAULT NULL,
  `motivoImplantacao` text,
  `impactoNumBen` text,
  `alinhamento` tinyint(1) DEFAULT NULL,
  `objetivoSolucao` text,
  `obs` text,
  `fk_Responsavel` int(11) DEFAULT NULL,
  `dataCadastro` timestamp NOT NULL DEFAULT CURRENT_TIMESTAMP,
  `criadorDemandas` varchar(60) DEFAULT NULL,
  `pertencente` tinyint(1) NOT NULL,
  `motivo` varchar(100) DEFAULT NULL,
  PRIMARY KEY (`idDem`),
  KEY `fk_Responsavel` (`fk_Responsavel`),
  KEY `ciadorDemandas` (`criadorDemandas`)
) ENGINE=InnoDB AUTO_INCREMENT=353 DEFAULT CHARSET=utf8;
/*!40101 SET character_set_client = @saved_cs_client */;

--
-- Dumping data for table `demandas`
--

LOCK TABLES `demandas` WRITE;
/*!40000 ALTER TABLE `demandas` DISABLE KEYS */;
INSERT INTO `demandas` VALUES (48,'AUTO CAD','existente','Atualização\r\n','Facilidade no desenvolvimento e acompanhamento de projetos e desenhos em geral (1 usuários).\r\n',1,'Auxílio no desenvolvimento de projetos.\r\n','Software já disponível na SUEST/AC.\r\n',5151,'2019-08-05 17:57:43','bruno.graciano@funasa.gov.br',0,'Aquisição de licenças de software'),(49,'SIGA','existente','Atualização','Otimizara as informações que são imprecisas , não confiando no sistema, recorrendo a outros para confirmar informações.',1,'Auxílio na consulta de demandas','',1853636,'2019-08-05 17:58:24','samuel.costa@funasa.gov.br',1,''),(50,'COREL DRAW','novo','Verificar a possibilidade da implantação\r\n','A facilidade em editar ou criar com esse software desenhos e artes gráficas, permitindo assim a criação de artes para serem utilizadas no desenvolvimento de eventuais trabalhos desta SUEST-AC, como na divulgação de eventos, na elaboração de folder, banner , cartaz ... Dentre outras atividades (6 usuários).\r\n',1,'Criar ou editar  trabalhos sem perder a qualidade da imagem.\r\n','',5151,'2019-08-05 17:58:41','bruno.graciano@funasa.gov.br',0,'Aquisição de licenças de software'),(51,'SIAFI/SICONV/SIGA','existente','Atualização e implantação','Integração dos Sistemas para que conversem entre si.',1,'Auxiliar nas demandas.','',1853636,'2019-08-05 18:00:57','samuel.costa@funasa.gov.br',1,''),(52,'SICONV','existente','ajustar o Sistema de modo que seja desparado nos e-mails cadastrados, quando houver a inserção de documentos na aba \"Projeto Básico/Termo de Referencia\" e \"anexos\" do plano de trabalho.\r\n','Eficiência no acompanhamento dos convênios, de modo que não haja atrasos no acompanhamento. (12 usuários)\r\n',1,'Eficiência no acompanhamento dos convênios\r\n','',5151,'2019-08-05 18:00:59','bruno.graciano@funasa.gov.br',0,'Sistema proprietário do Governo Federal'),(53,'SIGA','existente','ajustar o Sitema de modo a permitir definir os analistas de convênios, selecionando vários convênios ao mesmo tempo.\r\nAjustar o Sitema, no intuito de quando formos retornar um convênio para reánálise, o convênio consiga ser selecionado também através do número do Convênio e não somente pelo código do plano, no qual é feito atualmente. \r\n','Agilidade na definição de analistas, evitando ter que definir de modo individualizado. (12 usuários)\r\nAgilidade no retorno do projeto para reanálise (12 usuários).\r\n',1,'Melhorar a agilidade do processo\r\n','',5151,'2019-08-05 18:05:20','bruno.graciano@funasa.gov.br',1,''),(54,'SICONV','existente','Divergência entre as etapas do processo que estão para acesso público e informação real. ','Eficiência no acompanhamento dos convênios, de modo que não haja atrasos no acompanhamento.',1,'Eficiência no acompanhamento dos convênios','',1853636,'2019-08-05 18:06:35','samuel.costa@funasa.gov.br',0,'Sistema proprietário do Governo Federal'),(55,'BI','existente','considerar os relatórios  R4 do SIGA, para contabilizar a emissão dos últimos relatórios da Funasa.\r\n','Melhorias no acompanhamento dos relatórios emitidos e buscar cenários mais atualizados, com relação as emissões dos relatórios. (usuários 12).\r\n',1,'constar nenhum empreendimento com relatório emitido a períodos maiores que 06 meses. \r\n','',5151,'2019-08-05 18:06:42','bruno.graciano@funasa.gov.br',0,'BI'),(56,'PDF-ELEMENT','novo','Verificar a possibilidade da implantação\r\n','Melhorias na agilidade  quanto a digitalização e intrução procesual. (Usuários 29).\r\n',1,'Melhorar a agilidade na intrução processual\r\n','',5151,'2019-08-05 18:07:37','bruno.graciano@funasa.gov.br',0,'Aquisição de licenças de software'),(57,'PDF-ELEMENT','novo','Verificar a possibilidade da implantação','Melhorias na agilidade  quanto a digitalização e instrução processual. (Usuários 29).',1,'Melhorar a agilidade na instrução processual','',1853636,'2019-08-05 18:09:18','samuel.costa@funasa.gov.br',0,'Aquisição de licenças de software'),(58,'Sistema de Gestão de Contratos ','novo','Verificar a possibilidade de aquisição ou desenvolvimento e implantação.\r\n','Controle e agilidade nas atividades da Gestão de Contratos, redução no tempo e na efetivação de pagamentos, repactuação/reajustes aos fornecedores dentres outros.\r\n',1,'Agiligizar e facilitar os tramites na Suest.\r\n','',5151,'2019-08-05 18:09:38','bruno.graciano@funasa.gov.br',1,''),(59,'Sistema de Gestão de Contratos','novo','Verificar a possibilidade de aquisição ou desenvolvimento e implantação.','Controle e agilidade nas atividades da Gestão de Contratos, redução no tempo e na efetivação de pagamentos, repactuação/reajustes aos fornecedores dentre outros.',1,'Agiligizar e facilitar os tramites na Suest.','',1853636,'2019-08-05 18:11:25','samuel.costa@funasa.gov.br',1,''),(60,'Sistema de Monitoramento de Convênios','novo','Monitorar Status de Convênio','Otimizar o tempo de resposta ao usuário finalístico com informações corretas e precisas. ',1,'Otimizar o tempo de resposta ao usuário finalístico com informações corretas e precisas. ','',1853636,'2019-08-05 18:15:00','samuel.costa@funasa.gov.br',1,''),(61,'SIGA','existente','Usuário não confia nas informações constantes no SIGA. Supõe-se que devido a integração de muitos bancos de dados de diferentes sistemas ao longo dos anos.','Garantia da disponibilidade e integridade das informações constantes no SIGA',1,'Implementar atualizações que garantam a integridade das informações. ','',1853636,'2019-08-05 18:16:08','samuel.costa@funasa.gov.br',1,''),(62,'SEI','existente','Muitos despachos e processos ficam presentes na tela do usuário. Criação de novos processos que otimizem a visualização de processos somente aos setores envolvidos','Eficiência no tempo de resposta aos processos.',1,'Aprimorar a analise de processos em tramitação nos setores.','',1853636,'2019-08-05 18:19:07','samuel.costa@funasa.gov.br',0,'Elaboração de normas e procedimentos para o uso do sistema'),(63,'RFID (Identificação por Radiofrequência)','novo','Aquisição pela Funasa/Presi; Readaptação do Sistema de TI da Suest-AM que está totalmente obsoleto.\r\n','Mais agilidade nos processos de logística interna; 1-A logística interna requer um funcionamento orquestrado entre os processos de recebimento, estocagem, controle e distribuição; 2-A tecnologia RFID oferece a segurança necessária e a rastreabilidade para evitar perdas, retrabalhos, desvios, desperdícios e furto; 3-As etiquetas RFID reduzem drasticamente o tempo de checagem do recebimento de bens do centro de distribuição; 4-É possível conferir os itens, dar entrada no estoque e ainda colocar os produtos à disposição da Suest/AM no mesmo dia, otimizando a logística interna.\r\n',1,'As aplicações da RFID não se restringem à identificação, locação e controle de produtos para otimizar a gestão de estoque. A etiqueta inibe a falsificação de produtos, garantindo a qualidade do produto que chega às Unidades Administrativas. A tecnologia RFID garante um melhor serviço para a Suest-AM, precisão de praticamente 100% no controle do estoque e um aumento da produtividade devido ao corte de desperdícios e furtos.\r\n','RFID é um sistema simples, descomplicado e eficiente e que na verdade teve sua base criada em plena Segunda Guerra Mundial.\r\n',0,'2019-08-05 18:20:28','bruno.graciano@funasa.gov.br',0,'Implantação do SIADS'),(64,'SEI','existente','Permitir acesso externo para municípios protocolar documentação','Melhorar o acesso às informações devido às limitações de tamanho de documentos encaminhados via e-mail e a permissão somente para o uso do onedrive.',1,'Permitir que as próprias prefeituras insiram os documentos, já que os armazenamentos de nuvem mais comuns para disponibilização de arquivos são bloqueados pela rede, além da não permissão de salvar arquivos .zip nas pastas de rede, somente na área de trabalho, o que dificulta e causa morosidade no processo de protocolo.','',1853636,'2019-08-05 18:20:30','samuel.costa@funasa.gov.br',0,'Elaboração de normas e procedimentos para o uso do sistema'),(65,'SIGA/SICONV','existente','Possuir as bases integradas.','Possibilitar que os diferentes processos interajam entre si e possuam as mesmas informações',1,'Eficiência na prestação de serviço.','',1853636,'2019-08-05 18:21:32','samuel.costa@funasa.gov.br',1,''),(66,'PDF ELEMENT','novo','Compra do software pela FUNASA Presidência\r\n','\"Agilidade na separação das peças \r\ndos processos de TCE e cobrança\r\nadministrativas a serem instauradas na SUEST/AM, com um numero de aproximadamente 15 servidores.\"\r\n',1,'Mais rapidez (eficácia e eficiência) na conclusão dos trabalhos.\r\n','Importacia para melhoria da qualidade dos trabalhos desenvolvidos pela SUEST/AM. \r\n',0,'2019-08-05 18:21:36','bruno.graciano@funasa.gov.br',0,'Aquisição de licenças de software'),(67,'SIGA','existente','','Melhoria na análise, aprovação e acompanhamento de convênios (10 usuários).\r\n',1,'Auxílio na análise, aprovação e acompanhamento de convênios.\r\n','',0,'2019-08-05 18:23:24','bruno.graciano@funasa.gov.br',1,''),(68,'CIVIL 3D','existente','','Agilidade no desenvolvimento e acompanhamento de projetos de infra-estrutura (2 usuários)\r\n',1,'Auxílio no desenvolvimento e acompanhamento de projetos.\r\n','Software já disponível na SUEST/AM.\r\n',0,'2019-08-05 18:24:54','bruno.graciano@funasa.gov.br',0,'Aquisição de licenças de software'),(69,'AUTOCAD','existente','','Facilidade no desenvolvimento e acompanhamento de projetos e desenho em geral (3 usuários).\r\n',1,'Auxílio no desenvolvimento e acompanhamento de projetos.\r\n','Software já disponível na SUEST/AM.\r\n',0,'2019-08-05 18:26:19','bruno.graciano@funasa.gov.br',0,'Aquisição de licenças de software'),(70,'REVIT','existente','','Facilidade no desenvolvimento e acompanhamento de projetos de arquitetura (3 usuários).\r\n',1,'Auxílio no desenvolvimento e acompanhamento de projetos de arquitetura.\r\n','Software já disponível na SUEST/AM.\r\n',0,'2019-08-05 18:27:38','bruno.graciano@funasa.gov.br',0,'Aquisição de licenças de software'),(71,'COREL DRAW','novo','Nova demanda\r\n','Elaboração de desenhos e arte gráficas (2 usuários)\r\n',1,'Suprir a demanda na elaboração de desenhos e artes gráficas referentes às atividades da instituição.\r\n','',0,'2019-08-05 18:29:26','bruno.graciano@funasa.gov.br',0,'Aquisição de licenças de software'),(72,'Sistema que ajude no controle de orçamento de obras','novo','Verificar a possibilidade da implantação.','Integrar todas as etapas do gerenciamento de um empreendimento',1,'Relatório Diário de Obras, armazenamento de arquivos na nuvem e cronograma de atividades.','',0,'2019-08-05 18:29:44','samuel.costa@funasa.gov.br',1,''),(73,'Sistema de controle de ponto','novo','Verificar a possibilidade da implantação.','Controle de Frequência com Biometria',1,'Para agilizar e controlar o acesso ao ponto eletrônico','',0,'2019-08-05 18:31:41','samuel.costa@funasa.gov.br',1,''),(74,'Software, GIS, SIG(Sistema de Informação Geográfica)','novo','Nova demanda\r\n','Ampliar a precisão das informações dos projetos (5 usuários)\r\n',1,'Melhorar a informação geográfica dos projetos (5 usuários)\r\n','',0,'2019-08-05 18:34:18','bruno.graciano@funasa.gov.br',0,'Aquisição de licenças de software'),(75,'SKETCHUP','novo','Nova demanda\r\n','Elaboração de desenhos e arte gráficas (2 usuários)\r\n',1,'Suprir a demanda na elaboração de desenhose artes gráficas referentes às atividades da instituição.\r\n','',0,'2019-08-05 18:35:26','bruno.graciano@funasa.gov.br',0,'Aquisição de licenças de software'),(76,'ASIWEB','existente','Modulo de Almoxarifado e Patrimônio','Migrar os dados para o SEI',1,'Melhorar o acesso dos usuários.','',0,'2019-08-05 18:36:13','samuel.costa@funasa.gov.br',0,'Implantação do SIADS'),(77,'SICOTWEB','existente','','Continuidade do serviço executado (4 servidores).\r\n',1,'Controle total na manutenção preventiva e corretiva dos veículos\r\n','Continuação do trabalho desenvolvido e o controle total das ações.\r\n',0,'2019-08-05 18:36:33','bruno.graciano@funasa.gov.br',1,''),(78,'SCDWEB','existente','Migrar os dados para o SEI\r\n','-',1,'Melhorar o acesso dos usuários.\r\n','',0,'2019-08-05 18:38:33','samuel.costa@funasa.gov.br',0,'Elaboração de normas e procedimentos para o uso do sistema'),(79,'SEI','existente','','Receber os dados do SCDWEB e ASIWEB',1,'Melhorar o acesso dos usuários.\r\n','',0,'2019-08-05 18:46:19','samuel.costa@funasa.gov.br',0,'Implantação do SIADS'),(80,'SEI','existente','Liberar para o publico externo. Identificar na arvore do processo a área que emitiu ou anexou documento.\r\n','Agilidade na execução de tarefas e facilidades de remessa documentos público externo. Todos os servidores da suest\r\n',1,'Melhorar o processo de trabalho interno e externo\r\n','Melhor controle e acompanhamento das dos processos\r\n',404176,'2019-08-05 18:46:28','bruno.graciano@funasa.gov.br',0,'Elaboração de normas e procedimentos para o uso do sistema'),(82,'Sistema de Controle de Licitação','novo','Verificar a possibilidade da implantação.','Agilidade dos processos licitatórios e administrativos, garantindo eficiência operacional\r\n',1,'Tornar os processos burocráticos mais rápidos e lucrativos, e facilitar o acesso as publicações\r\n','',0,'2019-08-05 18:47:17','samuel.costa@funasa.gov.br',1,''),(83,'SPGO','existente','Retomar seu uso, com melhorias em suas funcionalidades\r\n','Facilitar o controle de orçamento da Suest- GO\r\n',1,'Implementar a melhoria na gestão orçamentária\r\n','',404176,'2019-08-05 18:47:54','bruno.graciano@funasa.gov.br',1,''),(84,'SICOTWEB','existente','Melhorar sua funcionalidade, permitindo a criação de relatórios decisõrios, custoxbenefício na utilizaçao do veículo\r\n','Melhor controle na Gestão da Frota \r\n',1,'Facilitar o controle da gestão veículos e custos dessa gestão.\r\n','',404176,'2019-08-05 18:49:59','bruno.graciano@funasa.gov.br',1,''),(85,'SIADS','novo','Virá para substituir o ASIWEB módulos Patrimônio e Almoxarifado. Agilizar a Implantação, para facilidades no controle dos bens patrimoniais.\r\n','Melhorar o controle dos bens patrimonial\r\n',1,'Maior eficácia no controle dos bens móveis\r\n','',404176,'2019-08-05 18:50:46','bruno.graciano@funasa.gov.br',0,'Implantação do SIADS'),(86,'AFD','novo','Controle da gestão dos assentamentos funcional  digital - Não esta implantado na Suest-GO\r\n','Agilizar o manuseio e busca de dados nos assentados funcionais\r\n',1,'Modernizar processo de trabalho\r\n','',404176,'2019-08-05 18:54:02','bruno.graciano@funasa.gov.br',0,'Elaboração de normas e procedimentos para o uso do sistema'),(87,'SICONV','existente','ajustar o Sitema de modo que seja disparado nos e-mails cadastrados, quando houver a inserção de documentos na aba \"Projeto Básico/Termo de Referencia\" e \"anexos\" do plano de trabalho.\r\n','Eficiência no acompanhamento dos convênios, de modo que não haja atrasos no acompanhamento. (21 usuários)\r\n',1,'Eficiência no acompanhamento dos convênios\r\n','',404176,'2019-08-05 18:54:59','bruno.graciano@funasa.gov.br',0,'Sistema proprietário do Governo Federal'),(88,'SIGA','existente','ajustar o Sitema de modo a permitir definir os analistas de convênios, selecionando vários convênios ao mesmo tempo.\r\nAjustar o Sitema, no intuito de quando formos retornar um convênio para reánálise, o convênio consiga ser selecionado também através do número do Convênio e não somente pelo código do plano, no qual é feito atualmente. \r\n','Agilidade na definição de analistas, evitando ter que definir de modo individualizado. (4 usuários)\r\nAgilidade no retorno do projeto para reanálise (21 usuários).\r\n',1,'Melhorar a agilidade do processo\r\n','',404176,'2019-08-05 18:55:48','bruno.graciano@funasa.gov.br',1,''),(89,'SIGA','existente','Inserir módulo para acompanhamento da prestação de contas e TCE\r\n','Agilidade e informações gerenciais no acopanhamento dos convênios\r\n',1,'Melhorar a agilidade do processo\r\n','',404176,'2019-08-05 18:56:37','bruno.graciano@funasa.gov.br',1,''),(90,'BI','existente','Considerar os relatórios  R4 do SIGA, para contabilizar a emissão dos últimos relatórios da Funasa com mudança no \"Status\" de obra.\r\n','Melhorias no acompanhamento dos relatórios emitidos e buscar cenários mais atualizados, com relação as emissões dos relatórios. (usuários 14).\r\n',1,'constar nenhum empreendimento com relatório emitido a períodos maiores que 06 meses. \r\n','',404176,'2019-08-05 18:57:18','bruno.graciano@funasa.gov.br',0,'BI'),(91,'PDF-ELEMENT','novo','Verificar a possibilidade da implantação\r\n','Melhorias na agilidade  quanto a digitalização e intrução procesual. (Usuários 06).\r\n',1,'Melhorar a agilidade na intrução processual\r\n','',404176,'2019-08-05 18:58:00','bruno.graciano@funasa.gov.br',0,'Aquisição de licenças de software'),(93,'Sistema de gerenciamento do Salta-Z','novo','permitir aos municípios manifestarem interesse na instalação do Salta-Z através do cadastramento das comunidades a serem contempladas;\r\n','Atualmente a seleção das comunidades a serem beneficiadas está sendo com base em levantamentos realizados pela equipe do Sesam. Para maior compromisso do município nesse processo, é importante que o gestor municipal manifeste interesse, resultando no envolvimento e compromisso na implantação do Salta-Z\r\n',1,'permitir o gerenciamento das ações para instalação, acompanhamento dos resultados e avaliações posteriores à implantação do Salta-Z\r\n','',480550,'2019-08-05 19:05:25','bruno.graciano@funasa.gov.br',1,''),(95,'SIGA/BI','existente','','Falta visibilidade no processo de coleta. Atraso de entrega de projeto\r\n',1,'Melhorar e agilizar o pro\r\n','',0,'2019-08-05 19:06:08','samuel.costa@funasa.gov.br',1,''),(96,'SIGA','existente','uso de dispositivos móveis para coleta dos dados\r\n','agilidade e segurança na coleta dos dados, reduzindo a necessidade de uso de vários equipamentos, como GPS, máquina fotográfica e computadores. O engenheiro não precisa retornar e redigir relatórios técnicos e fotográficos para seren anexados no sistema, otimizando o tempo para iniciar acompanhamento de novos convênios\r\n',1,'Gerar relatórios técnicos e fotográficos e alimentar o sistema automaticamente otimizando o tempo dos técnicos para inciarem novas atividades\r\n','',480550,'2019-08-05 19:06:26','bruno.graciano@funasa.gov.br',1,''),(97,'Registros de ações desenvolvidas nas comunidades especiais','novo','Verificar a possibilidade da implantação.\r\n','Para controlar a implantação e os registros realizados nas comunidades\r\n',1,'Para agilizar o acesso e o controle do sistema.\r\n','',0,'2019-08-05 19:07:19','samuel.costa@funasa.gov.br',1,''),(98,'Aplicativos para dispositivos móveis para coleta de dados em campo.','novo','Verificar a possibilidade da implantação.\r\n','Modernizar todo o fluxo de trabalho, ajudando todos a conseguirem realizar mais tarefas, poupando dor de cabeça no registro de novos dados\r\n',1,'Os dados coletados são enviados para o escritório central instantaneamente, eliminando o tempo de espera decorrido entre o deslocamento do servidor da área de coleta até a instituição com os formulários em papel para o processamento\r\n','',0,'2019-08-05 19:08:14','samuel.costa@funasa.gov.br',1,''),(99,'SIGA','existente','','Melhoria na análise, aprovação e acompanhamento de convênios (13 usuários).\r\n',1,'Auxílio na análise, aprovação e acompanhamento de convênios.\r\n','Além de melhorias nas funções, necessita melhorias para estabilizar as funções que já estão disponíveis.\r\n',1785834,'2019-08-05 19:08:49','bruno.graciano@funasa.gov.br',1,''),(101,'SICAVI','existente','MELHORAR FUNCIONALIDADE\r\n','MELHOR CONTROLE DOS VISITANTES (36 usuários)\r\n',1,'Maior controle e arquivo das informações\r\n','Sistema inoperante por falhas/inconsistências no cadastramento e nas pesquisas posteriores\r\n',1785834,'2019-08-05 19:10:17','bruno.graciano@funasa.gov.br',1,''),(102,'Aplicativos para controle das atividades de laboratório.','novo','verificar a possibilidade da implantação.\r\n','Sistemas será utilizados para atender às necessidades de ampla e melhor avaliação do laboratório\r\n',1,'Com a qualidade melhorada, os desperdícios podem ser evitados, reduzindo-se os custos e aumentando-se a produtividade.\r\n','',0,'2019-08-05 19:10:23','samuel.costa@funasa.gov.br',1,''),(103,'COREL DRAW','novo','Verificar a possibilidade da Implantação\r\n','A facilidade em editar ou criar com esse software também reflete na praticidade de instalação e importação de produtos criados.\r\n',1,'Criar desde pequenos trabalhos a maiores, com grande quantidade de páginas, para textos e imagens, que não perdem a qualidade\r\n','',0,'2019-08-05 19:11:18','samuel.costa@funasa.gov.br',0,'Aquisição de licenças de software'),(104,'SEI','existente','GERENCIAR LIBERAÇÃO PARA ASSINATURA EXTERNA, REDUZIR TAMANHO DOS ARQUIVOS e IDENTIFICAR NA ÁRVORE DO PROCESSO A ÁREA RESPONSÁVEL PELO DOCUMENTO. \r\n','Facilitar o trabalho de todos usuários\r\n',1,'CELERIDADE NO ANDAMENTO DOS PROCESSOS E NO DOWNLOAD DE DOCUMENTOS\r\n','UM MELHOR CONTROLE E UNIFORMIZAÇÃO NO USO DAS FERRAMENTAS DISPONIBILIZADAS NO SEI\r\n',1785834,'2019-08-05 19:11:39','bruno.graciano@funasa.gov.br',0,'Elaboração de normas e procedimentos para o uso do sistema'),(105,'ASIWEB','existente','MÓDULO ALMOXARIFADO E PATRIMONIO\r\n','',1,'MELHORAR O ACESSO DOS USUÁRIOS\r\n','',1785834,'2019-08-05 19:15:16','bruno.graciano@funasa.gov.br',0,'Implantação do SIADS'),(106,'Integração de Sistemas através do compartilhamento de Bases de dados ','novo','Inúmeras informações são lançadas em diferentes sistemas, sendo que as informações são as mesmas. Exemplo: Número do Documento, Número de processo e outros. Uma integração entre sistemas diminuira o tempo alocado do servidor em suas funções. \r\n','Otimização da força de trabalho que atualmente é precaria. Reduz do tempo de atendimento aos conveniados. Redução do indice de erros de lançamentos devido ao alto número de sistemas a serem alimentados\r\n',1,'Otimização da força de trabalho que atualmente é precária. Reduz do tempo de atendimento aos conveniados. Redução do índice de erros de lançamentos devido ao alto número de sistemas a serem alimentados\r\n','',0,'2019-08-05 19:23:55','samuel.costa@funasa.gov.br',1,''),(107,'Alteração no Editor de Texto do SEI','existente','','Otimização do processo de trabalho, o atual editor não atende as necessidades do usuário\r\n',1,'Otimizar a elaboração de documentos eletronicos dentro do sistema. Hoje os documentos são redigidos em editores de texto convencionais e colados dentro do SEI\r\n','',0,'2019-08-05 19:28:47','samuel.costa@funasa.gov.br',0,'Sistema proprietário do Governo Federal'),(108,'Novos modelos de Documentos no SEI','existente','','Melhora no processo de criação de documentos. Melhora na apresentação de documentos públicos. \r\n',1,'Padronizar os documentos na administração pública\r\n','',0,'2019-08-05 19:30:02','samuel.costa@funasa.gov.br',0,'Elaboração de normas e procedimentos para o uso do sistema'),(109,'Sistema de Controle de Vigência de Convênios','novo','Possibilitar o monitoramento de convênios e suas etapas junto aos convenentes. Possuir alertas de notificação ao convenente e conveniado, estabelecendo periodicidade de alertas para cada evento. \r\n','Monitorar de forma adequada e eficiente os convênios existentes. \r\n',1,'','',0,'2019-08-05 19:32:21','samuel.costa@funasa.gov.br',1,''),(110,'Criar Filtro de Convênios por Estado, Servidor','novo','Possibilitar a criação de filtro nas notificações dos SICONV, pois atualmente o sistema emite múltiplas notificações de todo Brasil para um mesmo usuário.\r\n','Melhorar a eficiência das atividades do servidor. \r\n',1,' A função devera possibilitar que apenas os convênios correlatos à aquele Estado ou servidor receba a notificação\r\n','',0,'2019-08-05 19:33:57','samuel.costa@funasa.gov.br',0,'Sistema proprietário do Governo Federal'),(111,'Sistema de monitoramento para indicadores vinculados a diversas bases de dados','novo','Quando um convenio é realizado com o conveniente, ou seja, a FUNASA financia um projeto bom base em uma justificativa apresentada. Exemplo: Diminuir o índice de mortalidade em uma população de 10 mil habitantes. \r\n','Mostrar de forma transparente a atuação da Funasa na melhora da qualidade de vida do cidadão\r\n',1,'Possibilitar a medição de resultados alcançados pela FUNASA através de seus convênios na vida do cidadão \r\n','',0,'2019-08-05 19:39:36','samuel.costa@funasa.gov.br',0,'BI'),(112,'SIGA','novo','Função para check list no SIGA, de documentação necessária para acompanhamento e aprovação por parte dos técnicos e demais setores, quando um convenio esta em fase avançada, podemos observar que existe pendencias que deveriam ter sido sanadas em fase anterior, como por exemplo, a existência de pendencia na aprovação do projeto básico e o processo já esta para ser feito o aceite da licitação. \r\n','Garantir o cumprimento da legislação vigente\r\n',1,'Garantir o cumprimento da legislação vigente\r\n','',0,'2019-08-05 19:44:49','samuel.costa@funasa.gov.br',1,''),(113,'SIGA','novo','Criar quantificadores de impactos dentro do SIGA, com base as informações dos convenientes, Criação de tela onde seja possível a inserção de dados qualitativos e quantitativos (população atendida com ações da Funasa)\r\n','Transparência para o público externo e melhor avaliação dos alcances da FUNASA.\r\n',1,'Melhor avaliação dos efeitos das ações da FUNASA ao seu publico fim. \r\n','',0,'2019-08-05 19:46:20','samuel.costa@funasa.gov.br',1,''),(114,'Criar alertas sobre a fase de fiscalização dos Convênios','novo','Criar alerta para os fiscais sobre a fase que o convenios se encontra em sua execução para cumprimento da legislação (Portaria 424)\r\n','Garantir o cumprimento da legislação vigente e melhor acompanhamento das obras\r\n',1,'Melhorar o acompanhamento das obras em execução.\r\n','',0,'2019-08-05 19:47:25','samuel.costa@funasa.gov.br',1,''),(116,'Dividir, mesclar, reordenar, marcar, editar, compartilhar  e assinar arquivos PDF no Windows','existente','NECESSITA ASSINATURA MENSAL/ANUAL\r\n','AUTOMAÇÃO DE PROCESSOS, REDUÇÃO DE CUSTOS, AUMENTO DA PRODUTIVIDADE. APROXIMADAMENTE 1500 SERVIDORES BENEFICIADOS, APENAS NA SUEST/PR\r\n',1,'Criação, edição, divisão, mesclagem, compartilhamento e assinatura de documentos, notadamente dos documentos funcionais que precisam ser incluídos no AFD - Assentamento Funcional Digital\r\n','ATUALMENTE O ACROBAT PRO DC OFERECE ESSES REQUISITOS. NECESSÁRIO PRA O ASSENTAMENTO FUNCIONAL DIGITAL . NECESSIDADE DE ARQUIVO OCR. Seguir padronização do assentamento funcional digital do servidor disponivel: em servidor.gov.br, PORTARIA NORMATIVA/SGP N DE  DE AGOSTO DE \r\n',0,'2019-08-05 20:15:58','samuel.costa@funasa.gov.br',0,'Aquisição de licenças de software'),(117,'SISTEMA SEI','existente','INCLUIR A POSSIBILIDADE DE DIRECIONAR OS PROCESSOS PARA A CHEFIA DO SETOR\r\n','CONFIDENCIALIDADE E SEGURANÇA NA TOMADA DE DECISÕES ESTRATÉGICAS\r\n',1,'PRESERVAR A CONFIDENCIALIDADE E SEGURANÇA DAS INFORMAÇÕES\r\n','HOJE OS PROCESSOS DIRECIONADOS A UMA DETERMINADA UNIDADE, AINDA QUE RESTRITO É VISUALIZADO POR TODOS OS SERVIDORES DAQUELA UNIDADE.\r\n',0,'2019-08-05 20:19:48','samuel.costa@funasa.gov.br',0,'Elaboração de normas e procedimentos para o uso do sistema'),(119,'ASIWEB','existente','MÓDULO ALMOXARIFADO E PATRIMÔNIO\r\n','ATÉ A MIGRAÇÃO PARA O SIADS \r\n',1,'MELHORAR O ACESSO DOS USUÁRIOS\r\n','',0,'2019-08-05 20:21:08','bruno.graciano@funasa.gov.br',0,'Implantação do SIADS'),(120,'SCDWEB','existente','LIBERAR A CONSULTA\r\n','UNIFICAÇÃO DOS SISTEMAS (SCDWEB/SEI)\r\n',1,'MELHORAR O ACESSO DOS USUÁRIOS\r\n','DIGITALIZAR TODO O ACERVO DOCUMENTAL  ( ARQUIVO PERMANENTE; INTERMEDIARIO E CIRCULANTE), ASSIM COMO TODOS OS DOCUMENTOS ANTERIOR AO SEI QUE SE ENCONTRA CADASTRATO NO SCDWEB\r\n',0,'2019-08-05 20:21:44','bruno.graciano@funasa.gov.br',0,'Elaboração de normas e procedimentos para o uso do sistema'),(121,'SICOVI','existente','MELHORAR FUNCIONALIDADE\r\n','MELHOR CONTROLE DOS VISITANTES\r\n',1,'MELHORAR O ACESSO DOS VISITANTES\r\n','SISTEMA INOPERANTE NA SUEST-PI. QUE A UTILIZAÇÃO DO SISTEMA PASSE A SER  OBRIGATÓRIO  \r\n',0,'2019-08-05 20:23:10','bruno.graciano@funasa.gov.br',0,'Elaboração de normas e procedimentos para o uso do sistema'),(122,'SIGA','existente',' RAA - RELATÓRIO DE AVALIAÇÃO DE ANDAMENTO. DURANTE A EXECUÇÃO DO CONVENIO, NÃO SÃO ESPECÍFICAS PARA O  CONVENIO DE FOMENTO DE EDUCAÇÃO AS AÇÕES EM SAÚDE AMBIENTAL E DO PMSB - PLANO MUNICIPAL DE SANEAMENTO BÁSICO\r\n','O ATUAL RELATÓRIO CONTÉM QUESTÕES QUE NÃO SÃO PERTINENTES AO SESAM E AO PMSB, CONFUNDINDO NAS RESPOSTAS TANTO DO MUNICÍPIO QUANTO DO SESAM/SADUC.\r\n',1,'MAIS CLAREZA E RAPIDEZ NAS INFORMAÇÕES INSERIDAS\r\n','COM UM RELATÓRIO ESPECÍFICO DENTRO DO SISTEMA SIGA, TERÍAMOS UM RESULTADO MAIS PRECISO NO ACOMPANHAMENTO DA EXECUÇÃO E AVALIAÇÃO NO RESULTADO FINAL. AMPLIAR  O RAA PARA AS QUESTÕES DE SAÚDE AMBIENTAL, USUÁRIO REFERE QUE O SIGA FOI INICIALMENTE MUITO PROJETADO PARA A AREA DE ENGENHARIA, ASSIM CRIOU-SE LIMITAÇÕES SISTEMICAS PARA A AREA DE SAÚDE AMBIENTAL.USUÁRIO RELATA QUE  O FLUXO DO SISTEMA FORA PROJETADO APENAS PARA A AREA DE ENGENHARIA, QUANDO SE TRATA DE CONVÊNIO DO FOMENTO AS AÇÕES DE EDUCAÇÃO EM SAÚDE AMBIENTAL O SISTEMA NÃO OFERECE O ADEQUADO SUPORTE PARA CUMPRIMENTO DE TAREFAS. FAZ NECESSARIO O MAPEAMENTO E ELABORAÇÃO DE UM MODULO DO SISTEMA QUE PERMEIE AS AÇÕES DA AREA ACIMA REFERIDA.',0,'2019-08-05 20:23:39','samuel.costa@funasa.gov.br',1,''),(123,'SEI','existente','GERENCIAR LIBERAÇÃO PARA ASSINATURA EXTERNA E OUTRAS FUNCIONALIDADES\r\n','RECEBER OS DADOS DO SCDWEB E ASIWEB\r\n',1,'MELHORAR O ACESSO DOS USUARIOS INTERNOS E EXTERNOS\r\n','UM MELHOR CONTROLE E UNIFORMIZAÇÃO NO USO DAS FERRAMENTAS DISPONIBILIZADAS NO SEI\r\n',0,'2019-08-05 20:24:02','bruno.graciano@funasa.gov.br',0,'Elaboração de normas e procedimentos para o uso do sistema'),(124,'SISTEMA DE GESTÃO DE CONTRATOS','novo','SISTEMA CAPAZ DE GERENCIAR OS CONTRATOS DAS UNIDADES , CONTENDO NO MINIMO FUNÇÕES PARA CONTROLE DE : PRZO, SALDO CONTRATUAL, ORÇAMENTARIO E FINANCEIRO, PRAZO DE GARANTIA, MEDIÇÕES, PAGAMENTOS, REPACTUAÇÕES E/OU REAJUSTES; INFORMAÇÕES DOS TERCEIRIZADOS; CONTROLE DE APROVISIONAMENTO DE VERBAS TRABALHISTAS PARA A CONTA VINCULADA-BLOQUEADA PARA MOVIMENTAÇÃO.\r\n','UM MELHOR CONTROLE NA GESTÃO DE CONTRATOS ONDE OS ATORES ENVOLVIDOS POSSAM TER ACESSO A TODAS AS FASES DA CONTRATAÇÃO E GESTÃO \r\n',1,'MELHOR CONTROLE NA GESTÃO DE CONTRATOS\r\n','',0,'2019-08-05 20:24:50','bruno.graciano@funasa.gov.br',1,''),(125,'SISTEMA DE GESTÃO DAS LICITAÇÃO','novo','SISTEMA CAPAZ DE GERENCIAR AS CONTRATAÇÕES E LICITAÇÕES DAS UNIDADES CONTENDO NO MINIMO FUNÇÕES PARA CONROLE DE PRAZO DOS TRÂMITES, CONFORMIDADE COM O PLANO ANUAL DE CONTRATAÇÕES, AQUISIÇÕES MOR MEIO DE DISPENSA AFIM DE EVITAR O FRACIONAMENTO DE DESPESAS, EMISSÃO DE RELATÓRIO DAS LICITAÇÕES/CONTRATAÇÕES REALIZADAS, ETC  \r\n','UM MELHOR CONTROLE NO GERENCIAMENTO DAS CONTRATAÇÕES E LICITAÇÕES DAS UNIDADES \r\n',1,'UM MELHOR CONTROLE NO GERENCIAMENTO DAS CONTRATAÇÕES E LICITAÇÕES DAS UNIDADES \r\n','',0,'2019-08-05 20:25:18','bruno.graciano@funasa.gov.br',1,''),(126,'SISTEMA PARA CONTROLE DE CONVENIOS DE PESQUISA CIENTIFICA/ACORDO DE COOPERAÇÃO TÉCNICA','novo','APÓS A APROVAÇÃO DE UM PROJETO CORRELATO A ESTE TEMA , QUANDO DA SUA APROVAÇÃO EM BRASILIA, FAZ SE PERTINENTE O ACOMPANHAMENTO DA EXECUÇÃO DO MESMO PELA SUEST EM QUE O PROJETO ESTA INSERIDO.\r\n','Garantir a fiscalização (acompanhmento) adequado dos ACTs de forma eficiente e transparente. \r\n',1,'Garantir a fiscalização (acompanhamento) adequado dos ACTs de forma eficiente e transparente. \r\n','COMO SUGESTÃO DO USUÁRIO PROPOE-SE QUE SEJA FEITO DO MESMO MODO QUE ACONTECE O ACOMPANHAMENTO DO FOMENTO AS AÇÕES DE EDUCAÇÃO EM SAUDE AMBIENTAL. \r\n',0,'2019-08-05 20:25:33','samuel.costa@funasa.gov.br',1,''),(127,'COREL DRAW','novo','VERIFICAR A POSSIBILIDADE DA IMPLANTAÇÃO \r\n','A FACILIDADE EM EDITAR OU CRIAR COM ESSE SOFTWARE REFLETINDO MELHOR PRATICIDADE DE INSTALAÇÃO E IMPORTAÇÃO DE PRODUTOS CRIADOS\r\n',1,'CRIAR DESDE PEQUENOS TRABALHOS A MAIORES COM GRANDES QUANTIDADES DE PÁGINAS PARA TEXTOS E IMAGENS QUE NÃO PERDEM A QUALIDADE \r\n','',0,'2019-08-05 20:25:52','bruno.graciano@funasa.gov.br',0,'Aquisição de licenças de software'),(128,'SPGO','existente','MELHORAR FUNCIONALIDADE\r\n','MELHOR CONTROLE DO ORÇAMENTO \r\n',1,'MELHOR CONTROLE NA GESTÃO ORÇAMENTARIA\r\n','',0,'2019-08-05 20:26:19','bruno.graciano@funasa.gov.br',1,''),(129,'SICOTWEB','existente','MELHORAR FUNCIONALIDADE\r\n','MELHOR CONTROLE NA GESTÃO DA FORTA OFICIAL \r\n',1,'MELHOR CONTROLE NA GESTÃO DA FORTA OFICIAL \r\n','',0,'2019-08-05 20:26:49','bruno.graciano@funasa.gov.br',1,''),(130,'SIGA/SISTEMA DE CONTROLE DE AÇÕES DO SISTEMA','novo','SIGA/SISTEMA DE CONTROLE DE AÇOES DO SISTEMA DE SOLUÇÃO ALTERNATIVA SIMPLIFICADA COLETIVA DE TRATAMENTO DE ÁGUA. EX: SALTA-Z.\r\nCASO SEJA IMPLEMENTADA É NECESSÁRIO A PUBLICAÇÃO DE PORTARIA QUE REGULE A INCLUSÃO DO SALTA-Z E SEUS PROCESSOS SISTÊMICOS. \r\n','Acompanhar o impacto epidemiológico após a execução do projeto bem como a sustentabilidade do projeto. \r\n',1,'MONITORAMENTO DE IMPACTO DE FORMA TRANSPARENTE\r\n','TODO ESTE PROCESSO ATUALMENTE É FEITO DE FORMA ONEROSA ATRAVÉS DE DOCUMENTOS EM PAPEL. USUÁRIO SUGERE QUE SEJA  CRIADO UM SISTEMA NOS MOLDES E PROCESSOS UTILIZADOS PARA CADASTRO/MONITORAMENTO, ETC.. DOS CONVENIOS DENTRO DO SIGA. \r\n',0,'2019-08-05 20:31:14','samuel.costa@funasa.gov.br',1,''),(131,'SICONV','existente','UMA ABA ONDE MOSTRA O DESENVOLVIMENTO PÓS-EXECUÇÃO DO CONVENIO COM OS ÍNDICES DE SAÚDE\r\n','O MUNICÍPIO APÓS A EXECUÇÃO DO CONVENIO CONTINUARIA A INSERIR INFORMAÇÕES SOBRE O CONTROLE DE INFESTAÇÕES OU SOBRE O CONVÊNIO EM EXECUÇÃO.\r\n',1,'TEM COMO OBJETIVO DE DIAGNOSTICAR EM TEMPO SE O PROJETO FOI POSITIVO EM RELAÇÃO A SUA EXECUÇÃO\r\n','A NOVA ABA DESENHARIA A EVOLUÇÃO DO PROJETO NO ANTES, DURANTE E DEPOIS .\r\n',0,'2019-08-05 20:33:41','samuel.costa@funasa.gov.br',0,'Sistema proprietário do Governo Federal'),(132,'Sistema de Acompanhamento da execução das metas anuais','novo','Sistema de monitoramento das metas sistematizado e informatizado\r\n\r\n\r\n\r\n','Relatórios padronizados; agilidade nas informações do desempenho da instituição; maior possibilidade de correção de rumo em tempo hábil\r\n\r\n\r\n\r\n',1,'Promover o alinhamento estratégico da instituição\r\nMonitorar de forma sistematiza e informatizada a execução das ações programadas no ano\r\nGarantir maior confiablidade das informação\r\nPromover mais rapidez na produção de informações, relatório, gráficos\r\n','',471005,'2019-08-05 20:34:22','bruno.graciano@funasa.gov.br',1,''),(133,'SICONV','existente','Ajustar o Sitema de modo que seja enviado e-mails, quando houver a inserção de documentos na aba \"Projeto Básico/Termo de Referencia\" e \"anexos\" do plano de trabalho, para o analista fiscal do convênio.\r\n','\"Eficiência no acompanhamento dos convênios, de modo que não haja atrasos no acompanhamento. \r\n(usuários em todo pais)\"\r\n',1,'Eficiência no acompanhamento dos convênios','',0,'2019-08-05 20:34:42','samuel.costa@funasa.gov.br',0,'Sistema proprietário do Governo Federal'),(135,'SICONV','existente','Ajustar o sistema para que, quando disparado emails via SICONV, seja por estado, pois estamos recebendo do país todo.\r\n','Reduzir o nº de emails recebidos sem necessidade (todos os usuários)\r\n',1,'Eficiência no acompanhamento dos convênios','',0,'2019-08-05 20:35:40','samuel.costa@funasa.gov.br',0,'Sistema proprietário do Governo Federal'),(137,'SIGA','existente','Ajustar o Sistema de modo a permitir que sejam inseridas várias fotos ao mesmo tempo ao mesmo tempo.\r\n','Agilidade na execução de Relatórios. (usuários nos pais todo)\r\n',1,'Melhorar a agilidade do processo\r\n','',0,'2019-08-05 20:36:39','samuel.costa@funasa.gov.br',1,''),(138,'SIGA','existente','Ajustar o Sistema, para que na devolução para reanálise, o convênio possa ser selecionado pelo número do Convênio e não somente pelo código do plano.\r\n','Agilidade no retorno do projeto para reanálise. (usuários em todo pais)\r\n',1,'Melhorar a agilidade do processo\r\n','',0,'2019-08-05 20:37:22','samuel.costa@funasa.gov.br',1,''),(140,'SEI','existente','GERENCIAR LIBERAÇÃO PARA ASSINATURA EXTERNA E OUTRAS FUNCIONALIDADES. AUMENTAR A CAPACIDADE DE INSERÇÃO DOS ARQUIVOS EXTERNOS, ATUALMENTE TEM 50MB\r\n','MELHOR CELERIDADE DOS TRABALHOS. SERÃO BENEFICIADOS TODOS OS SETORES QUE FAZEM DIGITALIZAÇÃO DOS PROCESSOS FÍSICOS\r\n',1,'MELHORAR O ACESSO DOS USUÁRIOS INTERNOS E EXTERNOS\r\n','UM MELHOR CONTROLE E UNIFORMIZAÇÃO NO USO DAS FERRAMENTAS DISPONIBILIZADAS NO SEI\r\n',0,'2019-08-05 20:39:23','bruno.graciano@funasa.gov.br',0,'Elaboração de normas e procedimentos para o uso do sistema'),(141,'SIGA','existente','Deve ter o Módulo de Prestação de Contas\r\n',' Permita acompanhar quando um convênio ou termo de compromisso, após o término da vigência, estará nesta fase.\r\n',1,'MELHOR ACOMPANHAMENTO\r\n','',0,'2019-08-05 20:39:59','bruno.graciano@funasa.gov.br',1,''),(145,'AUTOCAD','existente','Atualização de Versão\r\n','Melhoria do desenvolvimento das atividades de  desenvolvidas pela DIESP, DIADM/SALOG/SOPAM. Serão beneficiados a SUEST/SE eos Municipios conveniados (correspondendo a 48 municipios) \r\n',1,'MELHORIAS TECNICAS\r\n','O ATENDIMENTO A NOVA VERSÃO DO SITSTEMA ATENDERÁ A DEMANDA TÉCNICA DA SUEST/SE.\r\n',469763,'2019-08-05 20:46:39','bruno.graciano@funasa.gov.br',0,'Aquisição de licenças de software'),(146,'AFD','existente','O SETOR NÃO INFORMOU DEVIDO A SUA NÃO UTILIZAÇÃO , TENDO EM VISTA O SISTEMA AINDA NÃO TER SIDO INSTALADO NESTA SUEST/SE\r\n','O SISTEMA NÃO ESTÁ EM FUNCIONAMENTO, NESTA SUEST/SE\r\n',1,'O SISTEMA AINDA NÃO FOI INSTALADO\r\n','OS SERVIDORES DESTA SUEST/SE AINDA NÃO UTILIZAM ESSE SISTEMA\r\n',469763,'2019-08-05 20:47:15','bruno.graciano@funasa.gov.br',0,'Elaboração de normas e procedimentos para o uso do sistema'),(147,'SCDWEB','existente','LIBERAR A FUNÇAO IDENTIFICAÇÃO DO ARQUIVO NO SCDWEB\r\n','LOCALIZAÇÃO DOS PROCESSOS FISICOS ARQUIVADOS\r\n',1,'ATIVAÇÃO DO MODULO MOVIMENTO DO SISTEMA\r\n','O SISTEMA FOI DESATIVADO PARA PROTOCOLO E FICOU SEM ATUALIZAÇÃO PARA ATENDER AS DEMANDAS DO SEI.\r\n',469763,'2019-08-05 20:47:55','bruno.graciano@funasa.gov.br',0,'Elaboração de normas e procedimentos para o uso do sistema'),(148,'SEI','existente','DAR VISIBILIDADE NA ARVORE DO SISTEMA O SEGMENTO EMITENTE\r\n','MELHOR IDENTIFICAÇÃO DO SEGMENTO EMITENTE\r\n',1,'VISUALIZAÇÃO\r\n','QUE SEJA APRESENTADA NA ARVORE DOS DOCUMENTOS CADASTRADOS DO SISTEMA, O SETOR QUE EMITIU\r\n',469763,'2019-08-05 20:48:28','bruno.graciano@funasa.gov.br',0,'Elaboração de normas e procedimentos para o uso do sistema'),(149,'SEI','existente','Ajustar sistema para que se possa abrir, visualizar e trabalhar com várias janelas na internet sem que as anteriores caiam.\r\n','Maior agilidade nas análise, sem perdas de tempo na digitação de números de processos para se abrir novas janelas\r\n',1,'Melhorar a agilidade nas análises sem a descontinuidade dos processos anteriores. \r\n','',467895,'2019-08-05 20:49:30','bruno.graciano@funasa.gov.br',0,'Sistema proprietário do Governo Federal'),(150,'BI','existente','Considerar os relatórios  R4 do SIGA, para contabilizar a emissão dos últimos relatórios do SIGA.\r\n','Melhorias na atualização da conclusão dos Convênios\r\n',1,'extrair relatórios do BI para controle de  convênios concluídos\r\n','Um dos indicadores do BI, baseia-se na emissão dos relatórios atualmente o relatório do tipo R 4, não é considerado para fins de cumprimento deste indicador. Usuário solicita a incorporação deste relatório para fins de composição do indicador. \r\n',0,'2019-08-05 20:49:30','samuel.costa@funasa.gov.br',0,'BI'),(151,'COREL DRAW','novo','Verificar a possibilidade da implantação\r\n','Facilitar a elaboração de mapas para melhor visualização das atividades. (6 usuários)\r\n',1,'Criar ou editar  trabalhos sem perder a qualidade da imagem.\r\n','',0,'2019-08-05 20:50:23','samuel.costa@funasa.gov.br',0,'Aquisição de licenças de software'),(152,'AUTO CAD','existente','','Facilidade no desenvolvimento e acompanhamento de projetos e desenhos em geral (2 usuários).\r\n',1,'Auxílio no desenvolvimento e análise  de projetos.\r\n','Software já disponível na DIESP\r\n',0,'2019-08-05 20:51:31','samuel.costa@funasa.gov.br',0,'Aquisição de licenças de software'),(153,'SEI','existente','Acrescentar, de forma vísivel na árvore dos documentos incluídos/gerados em um processo no SEI, a informação SETOR e ESTADO da SUEST  responsável pela criação documento.\r\n','\"Facilidade e agilidade na localização de um documento pertinente à SUEST e visualização dos itens, em todos os processos. \r\n(Todos os usuários do SEI.)\"\r\n',1,'Acrescentar a informação no momento em que o documento é gerado.\r\n','',0,'2019-08-05 20:53:09','samuel.costa@funasa.gov.br',0,'Elaboração de normas e procedimentos para o uso do sistema'),(154,'SEI','existente','Liberação para assinatura externa.\r\n','Desburocratização, facilidade de acesso a documentos às partes interessadas, redução de gastos com papel.\r\n',1,' Reduzir a necessidade de imprimir ofícios, vias de contratos e aditivos para empresas e demais órgãos com os quais a FUNASA mantém vínculo.\r\n','',0,'2019-08-05 20:54:59','samuel.costa@funasa.gov.br',0,'Elaboração de normas e procedimentos para o uso do sistema'),(155,'SISTEMA DE GESTÃO DE CONTRATOS','novo','Implantação de um sistema que permita gerenciar as contratações da Superintendência\r\n','Otimizar os processos e atividades relacionados à gestão dos contratos da SUEST.\r\n',1,'Sistema que contemple funções que permitam gerenciar prazo de vigência, saldos contratual., prazos e vigências garantias contratuais, Medições, Ordens de Serviço, Pagamentos (controle orçamentário e financeiro), Repactuações, reajustes; Informações de terceirizados; Controle de aprovisionamento de verbas trabalhistas para depósito em conta vinculada etc.\r\n','',0,'2019-08-05 20:55:34','samuel.costa@funasa.gov.br',1,''),(157,'Sistema de Prestação de Contas para o PAC','novo','Criar estrutura que permita a prestação de contas dentro do SIGA para TCPAC\r\n','Eficiência e transparência dos convênios TC/PAC aos moldes do SINCOV\r\n',1,'Eficiência e transparência a todos os processo correlatos ao TCPAC\r\n','',0,'2019-08-05 20:57:18','samuel.costa@funasa.gov.br',1,''),(158,'Sistema de Indicadores','novo','Permitir a correta medição dos  impactos produzidos pelas ações da FUNASA na sociedade.\r\n','Dar transparência aos resultados produzidos pela  FUNASA\r\n',1,'Promover a correta medição e avaliação dos serviços. \r\n','',0,'2019-08-05 20:57:58','samuel.costa@funasa.gov.br',0,'BI'),(160,'Sistema de Gestão de Contratos','novo','Sistema para gerenciar contratos, que deverá conter no mínimo, funções para controle de prazo, controle orçamentário e financeiro, garantias, medições, pagamento, repactuação/reajustes, relatórios fiscais, cadastro dos terceiridos, aprovisionamento de verbas trabalhistas para conta vinculada, etc','Maior controle na gestão dos contratos',1,'Agilidade e controle na gestão dos contratos','',404176,'2019-08-05 21:13:15','samuel.costa@funasa.gov.br',1,''),(161,'Integração de bases de dados /SIGA/SICONV','novo','Permitir a integração entre sistemas otimizando o trabalho dos servidores do quadro.','Eficiência na prestação de serviços públicos',1,'Eficiência na prestação de serviços públicos','',0,'2019-08-05 21:17:15','samuel.costa@funasa.gov.br',1,''),(164,'SIARH','existente','','Realização da avaliação de desempenho dos servidores da Funasa.  Número aproximado de beneficiados - 2000 (dois mil) servidores.\r\n',1,'Realização da avaliação de desempenho dos servidores da Funasa.\r\n','Não foi possível a realização do último ciclo de Avaliação de Desempenho dos servidores da Funasa, na forma estabelecida de 360º, devido à impossibilidade de resgate das informações pré-existentes nesse sistema. Existe a necessidade não apenas de recuperação de bancos de dados mas de melhorias no sistema, que se encontra visivelmente defasado.\r\n',1102353,'2019-08-12 20:42:54','samuel.costa@funasa.gov.br',1,''),(165,'SIDOC','existente','','Devida instrução processual correspodente a processos de aposentadoria e pensão, já que o acesso aos processos físicos de quintos, entre outros necessários a realização dos cálculos encontra-se dificultado.\r\n',1,'Fornecimento de dados muito antigos, para devida instrução processual.\r\n','O sistema é antigo e defasado. Entratanto é uma das poucas fontes de acesso a documentações antigas e essenciais para a devida instrução processual de aposentadorias entre outras concessões. A equipe da COAPE possuía acesso ao sistema, mas deixou de ter no último ano, justamente quando houve um enorme incremento no volume de atos de aposentadoria.\r\n',1102353,'2019-08-12 20:43:49','samuel.costa@funasa.gov.br',1,''),(166,'Controle de Plano de Saúde','novo','A principal medida é otimizar os controles de pagamento de percapta por parte da Funasa, bem como as movimentações dos servidores nos planos de saúde.\r\n','Integração entre as patrocinadoras dos planos de saúde, prestadoras de serviço à Funasa e a própria Funasa. Participantes dos planos de saúde.\r\n',1,'Maior controle de movimentação dos servidores nos planos de saúde.\r\n','Houve consulta anterior quanto ao desenvolvimento de sistema para este tipo de controle, entretanto por parte da patrocinadora GEAP. Entendemos que o desenvolvimento de um sistema deste porte pela própria Funasa, poderia colaborar para um maior controle. Entretanto, não localizamos nenhum sistema de referência na Administração Pública Federal.\r\n',1102353,'2019-08-12 20:44:49','samuel.costa@funasa.gov.br',1,''),(167,'Dimensionamento da Força de Trabalho','novo','A principal medida a ser implementada é a quantificação dos servidores em alinhamento com os processos desenvolvidos pelas áreas a fim de gerar um melhor redimensionamento da força de trabalho. \r\n','',1,'Necessidade de melhor dimensionar e redimensionar a força de trabalho da Funasa.\r\n','O até então Ministério do Planejamento encontrava-se desenvolvendo sistema com esse intuito. É interessante observar qual o status do desenvolvimento.\r\n',1102353,'2019-08-12 20:46:31','samuel.costa@funasa.gov.br',1,''),(168,'Sistema de Monitoramento de Capacitações','novo','A principal medida a ser implementada é o melhor controle da realização de capacitações de acordo com os perfis de cada servidor e área.\r\n','O impacto esperado é uma gestão por competências.\r\n',1,'Dentre os principais objetivos estão um melhor mapeamento da realização das capacitações, de forma que se crie uma base subsidiar programas de valorização do servidor, bem como a gestão por competências.\r\n','O controle de capacitações é realizado hoje manualmente. Portanto, se faz essencial o desenvolvimento de uma sistema de controle \r\n',1102353,'2019-08-12 20:47:32','samuel.costa@funasa.gov.br',1,''),(169,'Sistema Gerencial','novo','Haja vista a defasagem na extração das informações hoje disponível, a principal medida a ser implementada é fornecer um melhor suporte para a gestão de pessoas, e para todos os gestores da Funasa.\r\n','O impacto esperado é uma melhor gestão.\r\n',1,'Extração de relatórios com qualidade, celeridade e precisão.\r\n','Haja vista a existência de BI na Funasa, sugerimos apenas o desenvolvimento de relatórios capazes de realizar a extração das informações dos servidores no SIAPE e fomentar a produção de relatórios de gestão.\r\n',1102353,'2019-08-12 20:48:39','samuel.costa@funasa.gov.br',0,'BI'),(170,'SIGA','existente','Aprimoramento do Módulo de pré-seleção e classificação do SIGA: criação de campos específicos para emissão de parecer de análise técnica sem a possibilidade de alteração e com demonstração do técnico responsável pela análise e pela emissão do parecer; Geração de ranking com critérios de desempate que torne possível demonstrar quais itens do ranking já foram atendidos pela Funasa e quais foram os instrumentos; Aumentar a capacidade e upload de arquivos; Melhorar o processo de pesquisa das Cartas Consulta; Criar telas dinâmicas de carta consulta de questionário de análise.','',1,'Aprimoramento do Módulo de pré-seleção e classificação do SIGA\r\n- criação de campos específicos para emissão de parecer de análise técnica sem a possibilidade de alteração e com demonstração do técnico responsável pela análise e pela emissão do parecer. \r\n- Geração de ranking com critérios de desempate que torne possível demonstrar quais itens do ranking já foram atendidos pela Funasa e quais foram os instrumentos. \r\n- Aumentar a capacidade e upload de arquivos; - Melhorar o processo de pesquisa','Podem surgir novas demandas a serem implementadas durante o processo\r\n',0,'2019-08-12 20:55:51','samuel.costa@funasa.gov.br',1,''),(172,'Software, GIS, SIG(Sistema de Informação Geográfica)','novo','Aquisição\r\n','Impacto: Melhoria de processos de trabalho, Possibilidade de inclusão de dados georeferenciados, Auxiliar a implementação de novos programas, planos e ações, Auxiliar a tomada de decisão.\r\nBeneficiário: Governo, Estados e Municípios.',1,'Viabilizar a inclusão das informações relativas aos empreendimentos apoiados pela Funasa por meio da territorialização; Auxiliar a tomada de decisão na elaboração de programas e ações, bem como para aplicação de recursos.\r\nInclusão de dados georreferenciados dos beneficiários das obras da instituição a nível macro e micro (ligações domiciliares). Viabilizar que os mapas disponibilizados pelos municípios que foram confeccionados nos PMSB, sejam inseridos no banco de dados do sistema a ser criado.','Uma alternativa seria utilizar soluções Open-Source como QGIS por exemplo',0,'2019-08-12 21:08:23','samuel.costa@funasa.gov.br',0,'Aquisição de licenças de software'),(173,'Software de ETL/BI','novo','Aquisição\r\n','Impacto: Realizar processo de coleta, tratamento e carga de dados de fontes externas para cruzamentos com dados do departamento; Coleta e tratamento de dados de diversas planilhas existentes nos departamentos e estruturar em banco de dados. Beneficiário: Governo, Estados e Municípios.',1,'Viabilizar a inclusão das informações correlacionadas aos empreendimentos apoiados pela Funasa por meio da territorialização; Permitir a geração de indicadores de impactos referente as ações da Funasa nos municípios participantes. \r\nConsolidar dados de fontes correlacionadas ao segmento da Funasa para subsidiar indicadores de desempenho e impacto.','Como alternativa podemos utilizar soluções open-source como exemplo: Pentaho, SpagoBI, JasperSoft',0,'2019-08-12 21:11:16','samuel.costa@funasa.gov.br',0,'Aquisição de licenças de software'),(175,'Software Modelagem de Dados','novo','Aquisição','Impacto: Construção de modelos relacionais para banco de dados SGBS – MER; Geração de documentação técnica referente aos modelos criados e já existentes.',1,'Permitir a documentação, organização e controle dos dados e modelos criados para subsidiar o entendimento dos tipos de dados existentes e a forma que o mesmo foi criado e a sua importância para o negócio.\r\n','',0,'2019-08-12 21:15:42','samuel.costa@funasa.gov.br',0,'Aquisição de licenças de software'),(176,'Sistema para  Acompanhamento pós obra','novo','','Módulo do Sistema SIGA. Acompanhamento da operação e sustentabilidade das ações implantadas, após a conclusão das obras e licenciamento dos sistemas .\r\n',1,'Funasa acompanhar o Convênio, pelo período mínimo de 5 anos após sua conclusão, por meio de sistema a ser alimentado pelo gestor do município, fornecendo informações e anexando documentos que comprovem a adequada operação, manutenção e sustentabilidade dos sistemas implantados como  objeto dos Termos de Repasse.\r\n','Para tal acompanhamento, deverá ser desenvolvido Sistema para Acompanhamento dos Convênios firmados com a Funasa, após a sua conclusão, por meio de canal de comunicação a ser disponibilizado em um módulo integrante do Sistema Integrado de Gerenciamento de Ações da Funasa – SIGA, através do qual o município deverá inserir as informações e os documentos solicitados.\nJá foi desenvolvido, juntamente com o setor de informática da Funasa, o Mapeamento de Processo e os formulários para acompanhamento dos aterros sanitários, integrantes de Sistemas de Rsíduos Sólidos Urbanos.\nO Mapeamento de Processo  desenvolvido pode ser utilizado para o acompanhamento dos demais sistemas (SAA, SES), devendo ser desenvolvidos  os formulários de acompanhamento, específicos de cada ação.',0,'2019-08-12 21:18:28','samuel.costa@funasa.gov.br',1,''),(177,'Módulo de Execução Direta','novo','Módulo do Sistema  SIGA. \r\nDesenvolvimento de módulo dentro do SIGA\r\n','Impacto: Transparência e melhoria na gestão;',1,'Acompanhamento da execução de projetos e obras executados diretamente pela Instituição em um sistema.','Para tal acompanhamento, deverá ser desenvolvido Sistema para Acompanhamento de Execução Direta da Funasa, em um módulo integrante do Sistema Integrado de Gerenciamento de Ações da Funasa – SIGA, através do qual a Funasa possa inserir as informações e os documentos necessários.',0,'2019-08-12 21:20:06','samuel.costa@funasa.gov.br',1,''),(178,'Sistema de Monitoramento e Avaliação do Programa Nacional de Saneamento Rural/PNSR','novo','Desenvolvimento de sistema com interface com SIGA, SICONV, SINISA e SIMISAB','Impacto:  \r\n* Subsidiar a Sala de Situação do PNSR\r\n• integração entre os atores institucionais responsáveis pelas ações;\r\n• processamento e análise de dados referentes ao saneamento rural permitindo: \r\n - acompanhar cumprimento de metas;\r\n - realizar e monitorar o diagnóstico situacional, que favoreça a tomada das decisões estratégicas do Programa;\r\n - gerar relatórios para transparência pública;\r\n - produzir conteúdo para informação e formação;\r\n - avaliar alocações orçamentárias e financeiras.\r\n* Melhoria dos processos de trabalho\r\n* Implementação da sistemática de monitoramento e avaliação por indicadores',1,'Subsidiar a Sala de Situação dos Fóruns Gestor e Executivo do PNSR\r\n','\"Sistema será utilizado tanto pelos Fóruns Gestor e Executivo do PNSR quanto os Fóruns Técnicos e de Educação e Participação Social, nos Estados\r\nSugestão de desenvolver nos moldes do SISPLANSAN (Sistema de Monitoramento do Plano Nacional de Segurança Alimentar e Nutricional), utilizado pelo ex-MDSA ou e-CAR, do Ministério da Saúde\"\r\n',0,'2019-08-12 21:22:25','samuel.costa@funasa.gov.br',1,''),(179,' PDF ELEMENT','novo','VERIFICAR A POSSIBILIDADE DE IMPLANTAÇÃO','CUMPRIR O MODELO PADRÃO ESTABELECIDO PELA PRESIDÊNCIA, O QUAL COMTEMPLA AS NECESSIDADES DO SISTEMA  e-TCE',1,'AGILIZAR OS PROCESSOS DE TRABALHO OTIMIZANDO O USO DE PAPEL','',0,'2019-08-12 21:34:23','samuel.costa@funasa.gov.br',0,'Aquisição de licenças de software'),(180,'SIGA','existente','POSSIBILIDADE DE AJUSTE','MAIOR AGILIDADE NO  ACOMPANHAMENTO DOS CONVÊNIOS',1,'MAIOR AGILIDADE NO ACOMPANHAMENTO','',0,'2019-08-12 21:35:22','samuel.costa@funasa.gov.br',1,''),(182,'E-MAIL INSTITUCIONAL','existente','POSSIBILIDADE DE AUMENTO DE CAPACIDADE DE ARMAZENAMENTO','MELHORIA NO ARMAZENAMENTO D INFORMAÇÕES EXTERNAS RECEBIDAS VIA E-MAIL',1,'MELHORA NO DESENVOLVIMENTO DOS TRABALHOS','',0,'2019-08-12 21:37:20','samuel.costa@funasa.gov.br',0,'Elaboração de normas e procedimentos para o uso do sistema'),(183,'APLICATIVO PARA ACOMPANHAMENTO DAS UNIDADES DO SALT-Z','novo','POSSIBILIDADE DE CRIAÇÃO','ACOMPANHAMENTOS DAS UNIDADES DO SALTA-Z IMPLANTADOS NAS COMUNIDADES RIBEIRINHAS',1,'MELHOR AGILIDADE NO ACOMPANHAMENTO DAS UNIDADESD DO SALTA-Z, JÁ IMPLANTADAS','',0,'2019-08-12 21:38:20','samuel.costa@funasa.gov.br',1,''),(184,'SIGA','existente','POSSIBILIDADE DE AJUSTE','AGILIDADE NOS TRABALHOS',1,'PERFIL PARA A CHEFIA DO SOCEC PARA MUDAR A FASE DO CONVÊNIO QUANDO ELE ESTÁ HABILITADO PARA LIBERAÇÃO DE PARCELAS, QUANDO O PROCESSO SE ENCONTRAR NA FASE DE CELEBRAÇÃO DE CONVÊNIOS OU EM OUTRAS FASES\r\n','',0,'2019-08-12 21:39:24','samuel.costa@funasa.gov.br',1,''),(185,'SIGA','existente','POSSIBILIDADE DE AJUSTE\r\n','OBTER UM MELHOR ACESSO QUANDO DA LIBERAÇÃO DE PARCELAS DO CONVÊNIOS\r\n',1,'MELHOR AGILIDADE NO PROCESSO DE TRABALHO','',0,'2019-08-12 21:40:23','samuel.costa@funasa.gov.br',1,''),(186,'SIGA','novo','POSSIBILIDADE DE DESENVOLVER SOLFTWARE DE PLANEJAMENTO DE VIAGENS INTEGRADO COM SISTEMAS WAZE, GOOGLE MAPS\r\n','AJUDAR A DEFINIR O IMPACTO DE VIAGENS E DISTÂNCIAS PERCORRIDAS\r\n',1,'AGILIDADE NOS SERVIÇOS QUANDO DO DESLOCAMENTO PARA O INTERIOR DO ESTADO\r\n','',0,'2019-08-12 21:41:14','samuel.costa@funasa.gov.br',1,''),(187,'SIGA','novo','POSSIBILIDADE DE DESENVOLVER DW DA PLATAFORMA+BRASIL (SICONV)\r\n','OBTER MELHOR ACESSO\r\n',1,'MELHOR AGILIDADE NO PROCESSO DE TRABALHO\r\n','',0,'2019-08-12 21:41:53','samuel.costa@funasa.gov.br',0,'BI'),(188,'SIGA','novo','POSSIBILIDADE DE IMPLANTAÇÃO E HOMOLOGAÇÃO DO SISTEMA QGIS\r\n','PERMITE A VISUALIZAÇÃO, EDIÇÃO E ANÁLISE DE DADOS GEOREFERENCIAIS\r\n',1,'MELHOR AGILIDADE NO PROCESSO DE TRABALHO\r\n','',0,'2019-08-12 21:42:30','samuel.costa@funasa.gov.br',1,''),(189,'Sistema do Tribunal Regional do Trabalho do RJ','novo','Verificar a possibilidade da implantação.\r\n','Para agilizar o acesso aos processos e dar parecer com agilidade para a conclusão.\r\n',1,'Atendimento presencial que deixa de ser necessário e entrada de documentação com acesso mais eficiente.\r\n','',6477116,'2019-08-12 21:44:16','bruno.graciano@funasa.gov.br',1,''),(190,'Sistema que ajude no controle de orçamento de obras','novo','Verificar a possibilidade da implantação.\r\n','Integrar todas as etapas do gerenciamento de um empreendimento. \r\n',1,'Relatório Diário de Obras, armazenamento de arquivos na nuvem e cronograma de atividades.\r\n','',6477116,'2019-08-12 21:44:54','bruno.graciano@funasa.gov.br',1,''),(192,'ASIWEB','existente','Módulo Almoxarifado e Patrimônio\r\n','Migrar os dados para o SEI.\r\n',1,'Melhorar o acesso dos usuários.\r\n','',6477116,'2019-08-12 21:46:17','bruno.graciano@funasa.gov.br',0,'Implantação do SIADS'),(193,'SCDWEB','existente','','Migrar os dados para o SEI.\r\n',1,'Melhorar o acesso dos usuários.\r\n','',6477116,'2019-08-12 21:46:55','bruno.graciano@funasa.gov.br',0,'Elaboração de normas e procedimentos para o uso do sistema'),(194,'SEI','existente','','Receber os dados do SCDWEB e ASIWEB\r\n',1,'Melhorar o acesso dos usuários.\r\n','',6477116,'2019-08-12 21:47:23','bruno.graciano@funasa.gov.br',0,'Elaboração de normas e procedimentos para o uso do sistema'),(195,'Sistema de Controle de Licitação','novo','Verificar a possibilidade da implantação.\r\n','Agilidade dos processos licitatórios e administrativos, garantindo eficiência operacional.\r\n',1,'Tornar os processos burocráticos mais rápidos e lucrativos, e facilitar o acesso as publicações.\r\n','',6477116,'2019-08-12 21:47:48','bruno.graciano@funasa.gov.br',1,''),(196,'Sistema para registros das atividades da implantação do Salta-Z','novo','Verificar a possibilidade da implantação.\r\n','Melhorar a qualidade da água nos municípios.\r\n',1,'Para agilizar o acesso e o controle do sistema.\r\n','',6477116,'2019-08-12 21:49:08','bruno.graciano@funasa.gov.br',1,''),(198,'Registros de ações desenvolvidas nas comunidades especiais','novo','Verificar a possibilidade da implantação.\r\n','Para controlar a implantação e os registros realizados nas comunidades.\r\n',1,'Para agilizar o acesso e o controle do sistema.\r\n','',6477116,'2019-08-12 21:50:17','bruno.graciano@funasa.gov.br',1,''),(199,'Aplicativos para dispositivos móveis para coleta de dados em campo.','novo','Verificar a possibilidade da implantação.\r\n','Modernizar todo o fluxo de trabalho, ajudando todos a conseguirem realizar mais tarefas, poupando dor de cabeça no registro de novos dados.\r\n',1,'Os dados coletados são enviados para o escritório central instantaneamente, eliminando o tempo de espera decorrido entre o deslocamento do servidor da área de coleta até a instituição com os formulários em papel para o processamento.\r\n','',6477116,'2019-08-12 21:50:47','bruno.graciano@funasa.gov.br',1,''),(200,'Aplicativos para controle das atividades de laboratório.','novo','Verificar a possibilidade da implantação.\r\n','Sistemas será utilizados para atender às necessidades de ampla e melhor avaliação do laboratório.\r\n',1,'Com a qualidade melhorada, os desperdícios podem ser evitados, reduzindo-se os custos e aumentando-se a produtividade.\r\n','',6477116,'2019-08-12 21:51:17','bruno.graciano@funasa.gov.br',1,''),(201,'COREL DRAW','novo','Verificar a possibilidade da implantação.\r\n','A facilidade em editar ou criar com esse software também reflete na praticidade de instalação e importação de produtos criados.\r\n',1,'Criar desde pequenos trabalhos a maiores, com grande quantidade de páginas, para textos e imagens, que não perdem a qualidade.\r\n','',6477116,'2019-08-12 21:51:56','bruno.graciano@funasa.gov.br',0,'Aquisição de licenças de software'),(202,'SIGA','existente','','\"Impacto: Transparência, Celeridade e melhoria dos processos de trabalho, Implementação da sistemática de monitoramento e avaliação por indicadores, Auxiliar a tomada de decisão, Melhoria da Gestão.',1,'Melhoria do processo de análise\r\n- Elaborar fluxo contínuo dos processos para que não haja necessidade de indicação anual de qual check list deverá ser utilizado. Uma vez criado o check list, deverá ser alterado apenas se a coordenação responsável demandar, sem necessidade de validação anual;  Permitir alteração do texto do questionário, sem que haja perda das análises já realizadas. ','Podem surgir novas demandas a serem implementadas durante o processo',0,'2019-08-14 18:31:33','samuel.costa@funasa.gov.br',1,''),(203,'SIGA','existente','','Impacto: Transparência, Celeridade e melhoria dos processos de trabalho, Implementação da sistemática de monitoramento e avaliação por indicadores, Auxiliar a tomada de decisão, Melhoria da Gestão.',1,'Viabilização da inserção de dados necessários para análise e avaliação do Plano de Trabalho\r\n- Identificação dos beneficiários finais; - Identificação da localidade atendida; - Identificação de sub-ação aplicada (ex.: abastecimento deágua, esgotamento sanitário, MSD na ação 7656); - Padronização das metas, - Identificação data conclusão da obra.','Podem surgir novas demandas a serem implementadas durante o processo',0,'2019-08-14 18:33:38','samuel.costa@funasa.gov.br',1,''),(204,'SIGA','existente','','Impacto: Transparência, Celeridade e melhoria dos processos de trabalho, Implementação da sistemática de monitoramento e avaliação por indicadores, Auxiliar a tomada de decisão, Melhoria da Gestão.',1,'Viabilização da identificação de informações para medir resultados da Ação 20AM','Podem surgir novas demandas a serem implementadas durante o processo',0,'2019-08-14 18:34:46','samuel.costa@funasa.gov.br',1,''),(205,'SIGA','existente','','Impacto: Transparência, Celeridade e melhoria dos processos de trabalho, Implementação da sistemática de monitoramento e avaliação por indicadores, Auxiliar a tomada de decisão, Melhoria da Gestão.',1,'Emissão de alerta para o técnico quando for inserido RVT para Indicação Orçamentária da próxima parcela','Podem surgir novas demandas a serem implementadas durante o processo',0,'2019-08-14 18:35:21','samuel.costa@funasa.gov.br',1,''),(206,'SIGA','existente','','Impacto: Transparência, Celeridade e melhoria dos processos de trabalho, Implementação da sistemática de monitoramento e avaliação por indicadores, Auxiliar a tomada de decisão, Melhoria da Gestão.',1,'Melhoria do Módulo de Indicação Orçamentária\r\n- Melhorar a visualização das informações na tela de Indicação Orçamentária e Acompanhamento, de modo que as informações estejam disponíveis mais claramente, sem sobreposição; - Alterar a cor da fonte para “preto” das informações dos Dados Gerais do Convênio para melhor visualização; - Correção de falhas, tais como: nome do município, Conta contábil e Plano interno não disponível para indicação orçamentária; - Incluir automaticamente o nome do município no campo “Município Beneficiado” nos Dados da Indicação','Podem surgir novas demandas a serem implementadas durante o processo',0,'2019-08-14 18:36:16','samuel.costa@funasa.gov.br',1,''),(207,'SIGA','existente','','Impacto: Transparência, Celeridade e melhoria dos processos de trabalho, Implementação da sistemática de monitoramento e avaliação por indicadores, Auxiliar a tomada de decisão, Melhoria da Gestão.',1,'Correção de problemas detectados na emissão de relatórios de acompanhamento e na instrução para liberação de parcelas, bem como implementar melhorias com vistas a:\r\n-Manter histórico de alteração de projetos, dados, valores e pareceres emitidos; - Gerenciar a emissão de Ofícios para regularização de pendências,\r\n- Viabilizar o controle das vigências; - Viabilizar a elaboração de cronograma de fiscalização; - Viabilizar o monitoramento do cumprimento pelos convenentes dos prazos para inclusão de Relatório de Andamento; - Viabilizar a inserção de dados necessários ao cálculo de indicadores de processo, desempenho, resultado e eficiência estabelecidos; - Viabilizar o acompanhamento do protocolo de projetos de engenharia; - Incluir relatório específico para análise de prestação de contas final; - Incluir os Termos de Execução Descentralizada; - Incluir dados georreferenciados das metas e etapas financiadas; Viabilizar a inclusão das informações bancárias e saldo de rendimento atualizadas do convênio; - Incluir o valor do rendimento de aplicação, para alterações no Plano de Trabalho; - Viabilizar a inclusão do cronograma da obra compatível com as liberações de parcela de acordo com a Portaria vigente (Modelo Mato Grosso); - Viabilizar que a concedente incluía informações das medições e pagamentos (Atualmente, tem-se apenas o percentual da obra geral e muitas vezes não estão compatíveis com os relatórios de medições enviados em pdf nos anexos); - Viabilizar a impressão dos anexos do RVT; - Ajuste do Plano do trabalho conforme a licitação sem necessidade de gerar parecer de aprovação de novo projeto; - Ajuste da vigência do convênio, sem gerar parecer de aprovação de novo projeto; - Acrescentar o campo \"observações\" para cada item do check-list.','Podem surgir novas demandas a serem implementadas durante o processo',0,'2019-08-14 18:37:14','samuel.costa@funasa.gov.br',1,''),(208,'SICOTWEB','existente','O sistema atual não é online e tem poucos relatórios, com problemas na impressão','Melhor gestão da frota de veículos',0,'Melhor gestão da frota de veículos','',0,'2019-08-26 15:58:55','samuel.costa@funasa.gov.br',1,''),(209,'SIGA','existente','Ajuste da fase do instrumento após o pagamento da parcela, pois o mesmo permanece na fase 10.1;\r\nConsulta gerencial não exporta dados da vigência do instrumento;\r\nCorreção de erro no cálculo de valores da medição das etapas, no RAA e RVT;\r\nPropostas não celebradas deveriam comunicar o resultado do processo seletivo ao proponente e não constar nas fases de seleção, com uma consulta específica para essas propostas;\r\nInlcuir data de impressão nos relatórios de acompanhamento;\r\nNa definição de parcelas, exibir histórico de relatórios de acompanhamento, e de alterações do plano de trabalho;\r\nAdequação do SIGA à ação de Saúde Ambiental;\r\nAtualizar checklist do RA à portaria 5598\r\n','Correção de erros que impactam no andamento dos trabalhos da área',0,'Maior eficiência no andamento dos trabalhos e e maior segurança no uso do sistema','',0,'2019-08-26 16:00:33','samuel.costa@funasa.gov.br',1,''),(210,'Sistema de Gestão de Contratos','novo','Verificar a possibilidade de aquisição ou desenvolvimento e implantação','Controle e agilidade nas atividades da gestão de contratos, redução de tempo na efetivação de pagamentos, repactuação / reajustes aos fornecedores dentre outros',0,'Agilizar e facilitar os trâmites na SUEST','',0,'2019-08-26 16:03:28','samuel.costa@funasa.gov.br',1,''),(211,'Prestação de contas do PAC','novo','Possuir informações referentes à prestação de contas do instrumento','\"Fornecedor informações sobre a prestação de contas do PAC;\r\nReduzir o tempo para análise da prestação de contas;\r\nAgilizar e montorar a notificação do compromitente;\"',0,'Controlar de forma automatizada a prestações de contas','',0,'2019-08-26 16:04:11','samuel.costa@funasa.gov.br',1,''),(212,'Sistema de Controle de Qualidade da Água','novo','Controle da qualidade da água','Registro de informação para controle da qualidade da água e emissão de relatórios quadrimestrais',1,'Emissão de relatórios quadrimestrais','',0,'2019-08-26 16:04:54','samuel.costa@funasa.gov.br',1,''),(215,'SICAVI','existente','','Melhoria no controle de acesso de visitantes na SUEST/MT, e por conseguinte da segurança das pessoas e do patrimônio público. Média de 50 visitantes.',1,'Controle eficaz do acesso de visitantes às dependências da SUEST/MT.','O sistema é ineficiente atualmente pois existem diversas limitações, tais como: base de dados de servidores desatualizada, impossibilidade de cadastrar entrada de visitante sem a vinculação à servidor, dificuldade para cadastrar a foto do visitante. Como sugestão, o sistema poderia permitir a impressão de dados básicos em adesivo a ser utilizado pelo visitante, evitando assim a ocorrência de extravio dos crachás.',1732308,'2019-08-26 16:18:09','samuel.costa@funasa.gov.br',1,''),(216,'Sistema de Licitação','existente','','Manter o sistema ativo para  atendimento ao princípio da publicidade das licitações',1,'Possibilitar a publicação dos avisos de licitação no site da Funasa em respeito à Lei de Acesso à Informação.','Necessária a manutenção do sistema para a realização da divulgação no site da Funasa das licitações a serem realizadas',1732308,'2019-08-26 16:19:06','samuel.costa@funasa.gov.br',1,''),(217,'SPGO  ou Novo Sistema para Planejamento e Gestão da Programação Orçamentária','existente','','Melhoria na programação e controle orçamentário, possibilitando também que o gestor tenha indicadores da efetividade das ações realizadas pela Funasa. ',1,'Possibilitar a programação e controle orçamentário','Migrar informações do SIAFI que possibilite acesso às informações de gastos dos anos anteriores, bem como dos anos  correntes, de forma a facilitar a programação e controle orçamentários',1732308,'2019-08-26 16:20:36','samuel.costa@funasa.gov.br',1,''),(218,'SICOTWEB','existente','','Melhoria na Gestão da Frota de veículos, de forma que o gestor possua informações gerenciais para a tomada de decisão. Nº de veículos: 11\r\n',1,'Permitir o controle eficiente da frota de veiculos da SUEST','Possibilitar a alimentação de dados com manutenção da frota, com geração de relatórios, programação de revisões, etc.',1732308,'2019-08-26 16:21:25','samuel.costa@funasa.gov.br',1,''),(219,'Sistema de Gestão de Contratos','novo','Realizar levantamento de todas as SUEST-MT afim de definir a quantidade média de contratos administrados','Melhoria na controle e acompanhamento dos contratos da Funasa',1,'Criação de sistema capaz de gerenciar os contratos das Unidades, contendo no mínimo funções para controle de: prazo, saldo contratual, orçamentário, e financeiro, prazo de garantia, medições, pagamentos, repactuações e/ou reajustes; informações dos terceirizados; controle de aprovisionamento de verbas trabalhistas para a Conta Vinculada-Bloqueada para movimentação','',1732308,'2019-08-26 16:22:25','samuel.costa@funasa.gov.br',1,''),(220,'Sistema de Gestão das Licitação','novo','Realizar levantamento de todas as SUEST-MT afim de definir a quantidade média de licitações realizadas por ano','Melhoria no controle dos procedimentos licitatórios com vistas otimizar prazos, melhor a eficiência das contratações, evitar fracionamentos, evitar ocorrência de licitações desertas e/ou fracassadas',1,'Criação de um sistema capaz de gerenciar as contratações e licitações das Unidades, contendo no mínimo funções para controle de: prazos dos trâmites, conformidade com o Plano Anual de Contratações, aquisições por meio de dispensa afim de evitar o fracionamento de despesas, emissão de relatórios das licitações/contratações realizadas, etc.','',1732308,'2019-08-26 16:23:28','samuel.costa@funasa.gov.br',1,''),(221,'MS PROJECT','novo','Aquisição da licença do software','Melhoria no acompanhamento das tarefas pactuadas com os setores, bem como acompanhamento dos cronogramas das obras conveniadas com a Funasa.',1,'Melhoria da gestão de desempenho da Unidade','',1732308,'2019-08-26 16:24:47','samuel.costa@funasa.gov.br',0,'Aquisição de licenças de software'),(222,'Sistema de Custos para aprovação de projetos','novo','Criação e implantação do sistema após levantamento junto a área de engenharia','Melhorias na gestão de custos das obras na área de saneamento',1,'Obter referência de custos na área de saneamento, reduzindo os riscos de superfaturamento  e inexecução de obras','',1732308,'2019-08-26 16:25:54','samuel.costa@funasa.gov.br',1,''),(223,'Licença de Uso - NBR e ABNT','novo','Aquisição da licença de uso','Melhoria nas análises de projetos',1,'Possibilitar a conferência dos dados técnicos apresentados nos projetos  pelos  convenentes','',1732308,'2019-08-26 16:26:53','samuel.costa@funasa.gov.br',0,'Aquisição de licenças de software'),(225,'SIGA','novo','Integração do Sistema de Georreferenciamento de Obras com o SIGA','Melhoria no acompanhamento das obras',1,'Possibilitar o acompanhamento real da execução da obras, gerando informações atualizadas para a toomada de decisões','',1732308,'2019-08-26 16:28:51','samuel.costa@funasa.gov.br',1,''),(226,'SIGA','existente','Criar um plataforma para gestão do cronograma de execução, definidos por fases e percentuais de desenbolso','Melhoria no acompanhamento das obras',1,'Estimar o prazo de execução das obras por fase','',1732308,'2019-08-26 16:29:52','samuel.costa@funasa.gov.br',1,''),(227,'SIGA','novo','Criar um plataforma para gestão do cronograma de execução, definidos por fases e percentuais de desenbolso','Melhoria no acompanhamento das obras',1,'Estimar o prazo de execução das obras por fase','',1732308,'2019-08-26 16:31:16','samuel.costa@funasa.gov.br',0,''),(228,'SIGA','existente','Integração do SIGA com o SICONV','Evitar  a ocorrência de informações divergentes\r\n',1,'Minizar riscos no acompanhamento em decorrência de divergência de informações nos sistemas','',1732308,'2019-08-26 16:32:00','samuel.costa@funasa.gov.br',1,''),(229,'SIGA','existente','Criação de plataforma para gestão dos termos de cooperação sem repasse de recurso','Melhor a gestão dos termos',1,'Melhoria da gestão do termos de cooperação ','',1732308,'2019-08-26 16:33:03','samuel.costa@funasa.gov.br',1,''),(230,'Sistema para Laboratórios da Funasa','novo','A principal medida é fornecer um melhor suporte para a gestão do apoio ao controle daqualidade da água gerenciando as informações  dos laboratórios. Informações quanto aos resultados de análises, dos municípios e comunidades atendidas, insumos, maquinarios, controle de vencimentos, responsavel técnico, entre outros.','Melhoria do fluxo de informações gerenciais e no direcionamento das ações da Funasa, tanto em termos de atendimento aos municípios e demais entes federados quanto para otimizar a implementação e controle do Sistema de Gestão de Qualidade dos Laboratórios',1,'Otimização da consolidação de dados para subsidiarem as tomadas de decisões das ações','',0,'2019-08-26 16:36:56','samuel.costa@funasa.gov.br',1,''),(231,'Sistema Integrado do Projeto Salta-z','novo','A principal medida é fornecer um melhor suporte para a gestão do Projeto Salta-z. Cruzamento de dados do projeto, compras, quantitativos, municípios beneficiados e que aguardam materiais para instalação. Também forma de monitorar indicadores  de saúde dos municípios beneficiados com o projeto','Melhoria do fluxo de informações e  da  gestão do Projeto Salta-z correlacionando com o impacto na saúde púbica',1,'formatação de ambiente para o acompanhamento e a consolidação das informações do Projeto Salta-z','',0,'2019-08-26 16:38:03','samuel.costa@funasa.gov.br',1,''),(232,'Interlocução entre ministérios/instituições de saneamento ambiental','novo','Acesso aos dados de qualidade da água e epdemiológico do Ministério da Saúde, do SNIS, do IBGE, entre outros. Uma plataforma que extraia essas informações.','avaliação do impacto das ações do apoio ao controle da qualidade da água executadas pela Funasa, e de outras ações finalísticas.',1,'formatação de ambiente para o acompanhamento  das informações sobre a evolução do controle da qualidade da água no país e estruturação das ações da Funasa nesta temática.','',1732308,'2019-08-26 16:38:58','samuel.costa@funasa.gov.br',1,''),(233,'Sistema de Planejamento e Gestão Orçamentária/SPGO','novo','A principal medida é dispor de uma ferramenta de gestão orçamentária que possibilite às Superintendências Estaduais a realizarem um melhor planejamento e dimensionamento dos gastos de custeio.\r\n','Aprimoramento e participação de todos no processo de programação, execução, acompanhamento / monitoramento e avaliação do orçamento e com isso tornando o orçamento mais transparente e participativo.',1,'Programação orçamentária nivelada com os objetivos estratégicos da Instituição;','',0,'2019-08-26 16:41:42','samuel.costa@funasa.gov.br',1,''),(234,'Sistema de Planejamento e Gestão da Estratégia','novo','Instituir um sistema que permita a gestão e o acompanhamento dos objetivos e iniciativas estratégicas, suas metas, seus indicadores e seus riscos, integrando métodos e ferramentas de planejamento estratégico em um único sistema ','Descomplicar a elaboração do planejamento. Agilizar o acompanhamento das metas, projetos e tarefas. Integrar as partes de um plano e todos os níveis da organização. Qualificar as entregas das ações e dos projetos.',1,'Ajudar na criação e na execução do planejamento estratégico, integrando num só lugar análise de cenários, objetivos estratégicos, desdobramento de metas, gestão de projetos, processos e tarefas e promovendo a gestão dos riscos estratégicos\r\n','',0,'2019-08-26 16:42:58','samuel.costa@funasa.gov.br',1,''),(235,'Gestão de Riscos Operacionais','novo','Instituir sistema que permita a gestão de riscos operacionais, permitindo a criação e o monitoramento de controles preventivos, detectivos e corretivos nas operações, sobretudo as consideradas sensíveis - incluindo os riscos à integridade','Maior sistematização na operacionalização e monitoramento dos controles internos da gestão, automatizando os controles detectivos e preventivos, o que gerará economia de recursos',1,'Gerenciamento e monitoramento de riscos operacionais','',0,'2019-08-26 16:44:04','samuel.costa@funasa.gov.br',1,''),(236,'Desenvolvimento de Indicadores no BI','existente','Monitoramento e análise de resultados, através de gráficos e relatórios automáticos.\r\nDevem ser sistematizados os indicadores pertencentes à matriz de indicadores gerada no âmbito do Projeto Piloto de Indicadores, pertencentes à Sistemática de Monitoramento e Avaliação por Indicadores','Mensuração dos processos e resultados da Funasa, melhorando o nível de informação da instituição para a tomada de decisão e gerando melhor alocação dos recursos públicos, por meio de sinalizadores  de metas atingidas, metas não atingidas e limites de tolerância.',1,'Permitir que as informações sejam coletadas automaticamente a partir de outros indicadores ou de outros softwares, gerando gráficos comparativos e customizados','',0,'2019-08-26 16:45:42','samuel.costa@funasa.gov.br',0,'BI'),(237,'Módulo de TEDs no SIGA / SIGA','existente','Deve ser preparado o ambiente SIGA para que os Termos de Execução Descentralizada possam ser gerenciados por meio de tal sistema, permitindo a construção de indicadores de processo e resultado referentes a tais transferências','Maior controle sobre o andamento físico e administrativo dos processos de TED, afetando todos os usuários do SIGA e das áreas que tramitam TEDs.',1,'Controle de TEDs e criação e acompanhamento de indicadores','',0,'2019-08-26 16:47:08','samuel.costa@funasa.gov.br',1,''),(238,'sistema que auxilie no processamento e gerenciamento de informações','novo','implantar um  sistema que possa gerenciar as infomações sobre Acordos de Cooperação Técnica Internacional, garantindo não somente a necessária celeridade no processamento das informações, mas também e principalmente qualidade e precisão nos relatórios gerenciais solicitados tanto pelas áreas técnicas demandantes quanto pelos órgãos de controle','agilidade, precisão, objetividade, segurança e confiabilidade no processamento e gerenciamento das informações',1,'melhoria e agilidade em todos os processos','',1732904,'2019-08-26 16:52:03','samuel.costa@funasa.gov.br',1,''),(239,'Siga módulo ações de educação','novo','Atualmente o sistema SIGA não possui fluxo de processos sistêmicos adequados as ações de educação da Funasa. O Siga por tratar-se de um sistema inicialmente concebido para atender a área de engenharia não comporta processos/convênios da área de educação/saúde ambiental. ','Facilidade dos municipios na elaboração de relatórios. Atender de forma correta a legislação, evitando atrasos em demasia no processo. Acompanhamento em tempo real , tendo um espelho do status do conveio com informações confiaveis e disponiveis. \r\n',1,'Facilidade dos municípios na elaboração de relatórios. Atender de forma correta a legislação, evitando atrasos em demasia no processo. Acompanhamento em tempo real , tendo um espelho do status do conveio com informações confiáveis e disponíveis. Eficiência. Pró-atividade. ','Verificar a inclusão no modulo do SIGA do relatório de execução de atividades (RAC e REA)',1040904,'2019-08-29 19:10:42','samuel.costa@funasa.gov.br',1,''),(240,'Software de gerenciamento de obra.','novo','Atualmente a FUNASA não possui um software de gerenciamento de obra o que torna o processo ineficiente onerando a administração publica ','Agilidade na comunicação com os conveniados. Rastreabilidade e qualidade das informações geradas. Confiabilidade no trabalho da FUNASA. \r\n',1,'Agilidade na comunicação com os conveniados. Rastreabilidade e qualidade das informações geradas. Confiabilidade no trabalho da FUNASA. ','Considerar avaliar os processos que existiam SISCON correlatos a ações de saúde  e educação. ',1040904,'2019-08-29 19:11:55','samuel.costa@funasa.gov.br',1,''),(241,'Integração do SICONV para o SIGA','novo','A migração dos convênios celebrados no SINCOV , vão direto para a fase de acompanhamento do SIGA, quando deveriam ir para reanalise ou visita técnica. Tal procedimento traz inconsistências dos relatórios na quantidade de convênios que necessitam da inclusão de relatórios de acompanhamento.','Aprimoramento dos processos tornando o sistema confiável integro na emissão de relatórios ',1,'Corrigir os problemas existentes.','',1040904,'2019-08-29 19:12:57','samuel.costa@funasa.gov.br',1,''),(242,'Ajuste no SIGA','existente','Gerar relatórios das analises técnicas que possuem output no BI. ( Módulo de reanalises) ','Rastreabilidade da analise dos projetos. ',1,'Eficiência e garantir a integridade da informação','',1040904,'2019-08-29 19:14:01','samuel.costa@funasa.gov.br',1,''),(243,'Ajuste no editor do texto','novo','O atual editor não atende as necessidades minimas que deveriam comportar uma ferramenta de edição de textos. \r\n','Garantia de uma padronização da exibição de documentos , bem como a manutenção da integridade da informação',1,' integridade da informação','',1040904,'2019-08-29 19:14:55','samuel.costa@funasa.gov.br',1,''),(244,'Ajuste no SIGA','existente','Ajuste da correção de parcelas pois os atuais fluxos e cálculos automáticos não funcionam de forma correta. Corrigir os cálculos e forma de distribuição das parcelas, segundo cada convenio /portaria','Eficiência. Agilidade no atendimento. Ganho de produtividade. ',1,'Eficiência. Agilidade no atendimento. Ganho de produtividade.','',1040904,'2019-08-29 19:15:59','samuel.costa@funasa.gov.br',1,''),(245,'Ajuste no SIGA','existente','Corrigir as inconsistências de valore no RVT. ','Eficiência. Agilidade no atendimento. Ganho de produtividade. ',1,'Eficiência. Agilidade no atendimento. Ganho de produtividade. ','',1040904,'2019-08-29 19:17:17','samuel.costa@funasa.gov.br',1,''),(246,'Ajuste no SIGA','existente','Correção nos campos de datas  e ajustes de vigências dos convênios com conformidade  as orientações da PGF e legislação vigente. As datas de desembolso hoje em sua grande maioria não representam de forma correta a execução financeira do convenio ','Eficiência. Agilidade no atendimento. Ganho de produtividade. ',1,'Eficiência. Agilidade no atendimento. Ganho de produtividade. ','',1040904,'2019-08-29 19:18:24','samuel.costa@funasa.gov.br',1,''),(247,'Integração do SIAFI / SICON/ SIGA','novo','Permitir a integração entre as diversas bases de dados do governo, evitando multiplicidade de informações','Eficiência. Agilidade no atendimento. Ganho de produtividade. ',1,'Eficiência. Agilidade no atendimento. Ganho de produtividade. ','',1040904,'2019-08-29 19:19:10','samuel.costa@funasa.gov.br',1,''),(248,'Ajuste no SIGA','existente','Disponibilizar relatório de vigências dos convênios, por ação e por mês , permitindo o envio de notificações via e-mail com determinada  antecendencia.','Eficiência. Agilidade no atendimento. Ganho de produtividade. ',1,'Eficiência. Agilidade no atendimento. Ganho de produtividade. ','',1040904,'2019-08-29 19:20:56','samuel.costa@funasa.gov.br',1,''),(250,'Ajuste SIARH/SISAD','existente','Pemitir a validação e assinatura digital pelo servidor. Suprimir as informações de cunho sigiloso. ','Garantia do sigilo da avaliação. Confiabilidade maior da avaliação. ',1,'Garantia do sigilo da avaliação. Confiabilidade maior da avaliação. ','',1040904,'2019-08-29 19:23:38','samuel.costa@funasa.gov.br',1,''),(251,'Sistema de Gestão de Contratos administrativos','novo','Permitir a gerencia de contratos de forma eficiente. ','Garantia da transparência das informações. Eficiência no gerenciamento de contratos. ',1,'Garantia da transparência das informações. Eficiência no gerenciamento de contratos. ','',1040904,'2019-08-29 19:24:59','samuel.costa@funasa.gov.br',1,''),(252,'Sistema de pesquisa de preços','novo','Implantação de solução para pesquisa de preços, pois o painel de preços é de difícil operação\r\n','Maior agilidade de segurança na pesquisa de preços para contratações\r\n',0,'Agilizar pesquisa de preços de contratações\r\n','',0,'2019-08-30 16:20:00','samuel.costa@funasa.gov.br',1,''),(253,'Siga','existente','Alterações no Relatório Consolidado - Cgofi\r\n','\"Em ‘Dados Gerais’:\r\n1-      Adicionar o campo “Fase de Pagamento”;\r\n2-      Verificar se está retornando dados do município beneficiado, se não\r\nestiver, inserir;\r\n3-      Dividir em dois campos: “Inicio de Vigência” e “Final de Vigência”.\r\nEm ‘Acompanhamento de Obras’:\r\n1-      Campo deve retornar a data do último RVT de viagem concluído após a\r\núltima OB;\r\n2-      Inserir 3 novos campos:\r\n2.1- “Data do Primeiro RVT” deve retornar a data do primeiro RVT de viagem\r\nconcluído após a última OB;\r\n2.2- “Possui Ordem de Serviço” deve retornar ‘Sim’, ‘Não’ ou ‘Não se aplica’\r\npara essa informação;\r\n2.3- “Possui Licitação” deve retornar ‘Sim’, ‘Não’ ou ‘Não se aplica’ para\r\nessa informação.\r\nEm ‘Empenho’:\r\nEm ‘Cronograma de Desembolso’:\"\r\n',1,'\"Relatório\r\nGerenciais/ Siga\"\r\n','\"Chamado\r\n2018032110001303\r\n428 dias em aberto\"\r\n',0,'2019-08-30 16:20:19','bruno.graciano@funasa.gov.br',1,''),(254,'Siga','novo','Criação da tela “Consulta Avançada Financeiro”\r\n','realização de consultas de convênios, com alguns filtros da Consulta Gerencial que importam para a CGOFI e novos filtros, bem como colunas necessárias na GRID da consulta.\r\n',1,'\"Relatório\r\nGerenciais/ Siga\"\r\n','\"Chamado\r\n2017071710000825 -\r\n675 dias em aberto\"\r\n',0,'2019-08-30 16:21:00','bruno.graciano@funasa.gov.br',1,''),(255,'Pastas na rede (SCA)','existente','Agilizar a atualização do organograma e responsáveis pelas unidades da Funasa para autorização do acesso às pastas da rede;\r\nPermitir maior flexibilidade na concessão do acesso, visto que um servidor pode responsável / substituto de outras unidades','Reduzir a morosidade de concessão de acesso às pastas da rede em situações específicas\r\n',0,'Reduzir atrasos na concessão de acesso\r\n','',0,'2019-08-30 16:21:04','samuel.costa@funasa.gov.br',1,''),(256,'Siga','novo','Criação de robô para automatização da solicitação de conta e geração de unidade gestora para convénios do Siconv \r\n','Automação da fase para dar celeridade ao processo\r\n',1,'Execução\r\n','\"Chamado\r\n2018062610002986\r\n331 dias em aberto\"\r\n',0,'2019-08-30 16:21:33','bruno.graciano@funasa.gov.br',1,''),(257,'SIARH','existente','Melhoria na realização da avaliação de desempenho;\r\nMaior agilidade na atualização dos responsáveis pelas unidades','Maior agilidade na realização da avaliação de desempenho\r\n',0,'Corrigir erro do sistema que impactam na avaliação\r\n','',0,'2019-08-30 16:21:50','samuel.costa@funasa.gov.br',1,''),(258,'Criação do sistema de inscrição e baixa e acompanhamento no Cadin \n ','existente','Criação do sistema de inscrição e baixa e acompanhamento no Cadin \r\n','Alimentação de banco de dados para viabilizar armazenamento das informações quanto a inscrição de CPF e CNPJ no sistema.\r\n',1,'\"Execução e\r\nRelatórios\r\nGerenciais\"\r\n','Demanda Funasa – 4887- Sistema Homologado- Falta o passo de inscrição de responsáveis para fazer testes piloto. Já existe Manual \r\n',0,'2019-08-30 16:22:15','bruno.graciano@funasa.gov.br',1,''),(259,'Siga','existente','Envio de NE para o SIAFI \r\n','Ajustes do arquivo Batch para emissão de NE em lote\r\n',1,'','',0,'2019-08-30 16:22:47','bruno.graciano@funasa.gov.br',1,''),(260,'Sistema de regras de aposentadoria, abono permanência','novo','Sistema de apuração das regras de aposentadorias, cálculos dos proventos, concessão de abono de permanência\r\n','Automação de processos, redução de custos, aumento da produtividade\r\n',0,'Agilizar processos do Recursos Humanos\r\n','',0,'2019-08-30 16:22:50','samuel.costa@funasa.gov.br',1,''),(261,'Siga','novo','Envio de OB para o SIAFI \r\n','Criação de arquivos XML para fins de lançamento de Documento hábil do Siafi. \r\n',1,'','',0,'2019-08-30 16:23:13','bruno.graciano@funasa.gov.br',1,''),(262,'Dimensionamento da Força de trabalho','novo','Quantificação dos servidores em alinhamento com os processos desenvolvidos pelas áreas a fim de gerar um melhor redimensionamento da força de trabalho\r\n','',1,'Necessidade de melhor dimensionar e redimensionar a força de trabalho da Funasa\r\n','',0,'2019-08-30 16:23:32','samuel.costa@funasa.gov.br',1,''),(263,'Monitoramento de capacitações','novo','Melhor controle da realização de capacitações de acordo com os perfis de cada servidor e área\r\n','O impacto esperado é uma gestão por competências\r\n',1,'Melhor mapeamento da realização das capacitações, de forma que se crie uma base para subsidiar programas de valorização do servidor, bem como a gestão por competências\r\n','',0,'2019-08-30 16:24:13','samuel.costa@funasa.gov.br',1,''),(264,'Siga','existente','Geração e monitoramento de GRU \r\n\r\n','Automação da fase para dar celeridade ao processo, bem como gerenciar os instrumentos que tiveram que devolver valores já liberados. \r\n',1,'','',0,'2019-08-30 16:25:10','bruno.graciano@funasa.gov.br',1,''),(265,'SICOTWEB','existente','O sistema atual não é online e não comunica com outros sistemas, tem poucos relatórios, com problemas na impressão;\r\nHá dificuldade para criar novos acessos e demora para receber nova senha;\r\nHá dificuldade na correção de quilometragem lançadas de forma indevida;\r\nO cadastramento de novas peças e serviços é feito apenas na presidência, usa-se muito o items diversos por falta de alternativa mais adequada','Maior assertividade e segurança nas informações registradas, principalmente perante auditorias realizadas',0,'Maior qualificação das informações','Software Ticket Log tem vários benefício em relação ao SICOTWEB',0,'2019-08-30 16:25:18','samuel.costa@funasa.gov.br',1,''),(266,'Siga','existente','Monitorar e Gerenciar fila de importação de propostas\r\n','Criação requisitos para importação das propostas no Siga\r\n',1,'','',0,'2019-08-30 16:25:42','bruno.graciano@funasa.gov.br',1,''),(267,'Siga','existente','Padronizar despacho de pagamento e integrar com o Sei\r\n','Incluir despacho de pagamento no Sei para fim de identificar a instrução processual automaticamente, bem como padronização do documento. \r\n',1,'','',0,'2019-08-30 16:26:07','bruno.graciano@funasa.gov.br',1,''),(268,'Emissão de credenciais de motoristas','existente','\"Não funciona nos novos computadores;\r\nApresenta diversos problemas no seu uso;\r\nPoderia ser um módulo do SICOTWEB e ter funcionalidades como notificação antes do vencimento da CNH\"\r\n','Maior eficiência na emissão de credenciais para motoristas\r\n',1,'Maior eficiência na emissão de credenciais para motoristas\r\n','',0,'2019-08-30 16:26:09','samuel.costa@funasa.gov.br',1,''),(269,'Siga','novo','Criação de despacho do fluxo de autorizações da nota de empenho de reforço, cancelamento, novo empenho e integração com o Sei\r\n','Informa no Sistema Sei que a operação que foi realizada no Siga, quanto a Nota de empenho\r\n',1,'','',0,'2019-08-30 16:26:36','bruno.graciano@funasa.gov.br',1,''),(270,'SIGA','existente','\"Exibir relação de técnicos para definição de analista em ordem alfabética;\r\nMigração SIGOB - SIGA impactou na realização de termo aditivo - Américo;\r\nSistema pouco intuitivo;\r\nConsultas deficientes;\r\nProblemas para salvar relatórios;\r\nProblema para inserir Relatório de acompanhamento - Não exibiu botão, corrigidor após excluir e incluir o analista;\r\nLei das estatais - faculta divulgação de preços nas licitações - avaliar adequação do SIGA;\r\nNotificar prefeitura e analista quando há mais de 4 meses sem inclusão de RA;\r\nAdequação do SIGA para educação e saúde ambiental;\r\nAdequação d do cronograma de desembolso após a licitação;\r\nImpressão do RMA antes de encaminhar o pagamento para o chefe de convênios;\r\nDefinir analista de convênios, selecionando mais de um instrumento ao mesmo tempo;\r\nNo retorno para reanálise, utilizar o número do instrumento e não apenas o código do plano de trabalho;\r\nEnviar o instrumento para a fase de pagos total de forma automática;\r\nRatificação da aprovação do plano de trabalho pelo chefe da DIESP (verificar com DIESP);\r\nPara calcular o valor da parcela corretamente, o percentual tem que ter 4 casas decimais;\r\nInclusão de novas perguntas na análise técnica e RMA impactou em instrumentos já aprovados;\r\nNão enviar o instrumento para definição de parcela, quando o analista não indicar a liberação de parcela no RAA / RVT;\r\nBloquear o avanço do instrumento com informação de obra e vigência desatualizadas;\"\r\n','Correção de erros que impactam no andamento dos trabalhos da área\r\n',1,'Maior eficiência no andamento dos trabalhos e e maior segurança no uso do sistema\r\n','',0,'2019-08-30 16:26:45','samuel.costa@funasa.gov.br',1,''),(271,'Siga','existente','Incluir ordem de pagamento \r\n','Incluir despacho de pagamento no Siga e sei para fim de identificar a instrução processual automaticamente, bem como possa identificar que a OP foi emitida, restando assim somente a confirmação da OB, para fins de monitoramento\r\n',1,'','',0,'2019-08-30 16:26:58','bruno.graciano@funasa.gov.br',1,''),(272,'Siga','novo','inclusão do checklist de pagamento \r\n','Checklist para averiguação da situação se o instrumento está apto para pagamento\r\n',1,'','',0,'2019-08-30 16:27:18','bruno.graciano@funasa.gov.br',1,''),(273,'Siga','novo','Indicação orçamentária automática \r\n','Automação da fase para dar celeridade ao processo\r\n',1,'','',0,'2019-08-30 16:27:41','bruno.graciano@funasa.gov.br',1,''),(274,'Software de orçamento para referência','novo','Automatizar a elaboração de orçamento com preços de referência\r\n','Agilizar a análise de projetos',1,'Maior eficiência na análise de projetos','',0,'2019-08-30 16:27:50','samuel.costa@funasa.gov.br',1,''),(275,'Siga','existente','Integra o SIGA x SEI. \r\n','Automação da fase para dar celeridade aos processos dos andamentos realizados no Siga\r\n',1,'','',0,'2019-08-30 16:28:18','bruno.graciano@funasa.gov.br',1,''),(276,'Siga','existente','Integração com SICONV - Siga\r\n','Importação e monitoramento e propostas para o Siga, via Web Service\r\n',1,'','',0,'2019-08-30 16:28:43','bruno.graciano@funasa.gov.br',1,''),(277,'Integração SIGA - SICONV','existente','Importação de pareceres, eliminando duplicidade do trabalho do técnico, entre outras informações a serem importadas\r\n','Reduzir o retrabalho na alimentação dos dois sistemas\r\n',1,'Maior eficiência no andamento dos trabalhos\r\n','',0,'2019-08-30 16:28:53','samuel.costa@funasa.gov.br',1,''),(278,'Siga','existente','Integração SIAFI - SIGA \r\n','Importação e monitoramento de dados do siga para o Siafi, como documentos de liquidação e empenhamento\r\n',1,'','',0,'2019-08-30 16:29:09','bruno.graciano@funasa.gov.br',1,''),(279,'Software para elaboração de perfil de poços','novo','Adoção de padrão para perfuração de poços, bem como disponibilização de informações gerenciais para a presidência, como quantidade de poços perfurados\r\n','Padronização de projetos e maior informação sobre perfuração de poços em nível nacional\r\n',1,'','',0,'2019-08-30 16:29:31','samuel.costa@funasa.gov.br',1,''),(280,'Sistema Cooperação Técnica','novo','Sistema Cooperação Técnica\r\n','Automação da fase para dar celeridade ao processo, bem como gerenciar os instrumentos\r\n',1,'','',0,'2019-08-30 16:29:37','bruno.graciano@funasa.gov.br',1,''),(281,'Modulo de diversos responsáveis','novo','Modulo de diversos responsáveis\r\n','Criação para cadastramento e nonitoramento das demandas\r\n',1,'','',0,'2019-08-30 16:30:01','bruno.graciano@funasa.gov.br',1,''),(282,'Aplicativo móvel para acompanhamento de obras','novo','Registro das informações em campo','Maior agilidade no registro das informações em campo e transmissão online para o SIGA',1,'','',0,'2019-08-30 16:30:15','samuel.costa@funasa.gov.br',1,''),(283,'Modulo de monitoramento e execução de TEDs','novo','Modulo de monitoramento e execução de TEDs\r\n','Gestão integrada no Siga dos TEDs e integração com o Sei\r\n',1,'','',0,'2019-08-30 16:30:24','bruno.graciano@funasa.gov.br',1,''),(284,'Sistema de Controle da qualidade da água','novo','Controle da qualidade da água','Registro de informação para controle da qualidade da água',1,'','',0,'2019-08-30 16:32:01','samuel.costa@funasa.gov.br',1,''),(285,'Siarh','novo','Folha de Pagamento\r\n','O sistema deverá buscar informações do Sigepe, realizar cálculo, selecionar qualquer tipo de documento e enviar relação para o SIAFi, por meio do CSV, além de controle recolhimento de encargos Sociais e compatibilização Orçamentário/Financeiro \r\n',1,'\"Execução e\r\nRelatórios\r\nGerenciais\"\r\n','Demanda 4526 – Processo iniciado em 26/08/2015 e paralisado em 22/08/2017\r\n',0,'2019-08-30 16:32:06','bruno.graciano@funasa.gov.br',1,''),(286,'VIGIDESASTRE','novo','Atuação da Funasa em situações de desastre','',1,'','',0,'2019-08-30 16:32:42','samuel.costa@funasa.gov.br',1,''),(287,'Gestão de convênios','existente','Solução nova ou existentes que atenda as necessidades de gestão e acompanhamento de convênios\r\n','Solução que contemple:\r\nconvênios celebrados;\r\nsituação do instrumento;\r\nlocalização do instrumento;\r\ncontrole de vigência;\r\nintegração com SICONV;\r\nmala direta para envio de correspondência aos convenentes',1,'Maior eficiência na gestão dos instrumentos de repasse\r\n','Avaliar funcionalidades do ACCESS utilizado por várias SUEST\r\n',0,'2019-08-30 16:34:16','samuel.costa@funasa.gov.br',1,''),(288,'Integração SIGA e Correios','novo','Envio de documentos e aviso de recebimento digital de forma automatizada\r\n','Envio de documentos e aviso de recebimento digital de forma automatizada\r\n',1,'Maior eficiência no envio e recebimento de notificações para convenentes\r\n','',0,'2019-08-30 16:34:47','samuel.costa@funasa.gov.br',1,''),(289,'Migração do SICONV para o SIGA','novo','Corrigir que os processos do SICONV, quando migram para o SIGA não vão para a fase de acompanhamento, pois esta se trata de fas de projetos aprovados e/ou em execução.\r\n','Eviotar erros de fase no SIGA\r\n',1,'Corrigir os erros existentes.\r\n','',1796422,'2019-08-30 20:37:17','samuel.costa@funasa.gov.br',1,''),(290,'Ajuste no SIGA','novo','Ajuste da correção de parcelas pois os atuais fluxos e calculos automaticos não funcionam de forma correta. Corrigir os calculos e forma de distribuição das parcelas, segundo portaria\r\n','Eficiencia. Agilidade no atendimento. Ganho de produtividade. \r\n',1,'Eficiencia. Agilidade no atendimento. Ganho de produtividade.\r\n','',1796422,'2019-08-30 20:37:53','samuel.costa@funasa.gov.br',1,''),(291,'Ajuste no SIGA','existente','Corrigir as inconscitencias de erros de valores e duplicidade das etapas nas metasnos relatórios. \r\n','Eficiencia. Agilidade no atendimento. Ganho de produtividade. \r\n',1,'Eficiencia. Agilidade no atendimento. Ganho de produtividade. \r\n','',1785834,'2019-08-30 20:47:46','samuel.costa@funasa.gov.br',1,''),(292,'Ajuste no SIGA','existente','Disponibilizar relatório de vigencias dos convenios, por ação e por mês , permitindo o envio de notificações via e-mail com determinada  antecendencia. \r\n','Eficiencia. Agilidade no atendimento. Ganho de produtividade. \r\n',1,'Eficiencia. Agilidade no atendimento. Ganho de produtividade. \r\n','',1796422,'2019-08-30 20:48:12','bruno.graciano@funasa.gov.br',1,''),(293,'Ajuste no SIGA','existente','Correção nos campos de datas  e ajustes de vigencias dos convenios com conformidade  as orientações da PGF e legislação vigente. \r\n','Eficiencia. Agilidade no atendimento. Ganho de produtividade. \r\n',1,'Eficiencia. Agilidade no atendimento. Ganho de produtividade. \r\n','',1796422,'2019-08-30 20:48:15','samuel.costa@funasa.gov.br',1,''),(294,'Integração do SIAFI / SICON/ SIGA','novo','Permitir a integração entre as diversas bases de dados do governo, evitando multiplicidade de informações\r\n','Eficiencia. Agilidade no atendimento. Ganho de produtividade. \r\n',1,'Eficiencia. Agilidade no atendimento. Ganho de produtividade. \r\n','',1796422,'2019-08-30 20:48:48','samuel.costa@funasa.gov.br',1,''),(296,'Sistema de Gestão de Contratos administrativos','novo','Permitir a gerencia de contratos de forma eficiente. \r\n','Garantia da transparencia das informações. Eficiencia no gerenciamento de contratos. \r\n',1,'Garantia da transparencia das informações. Eficiencia no gerenciamento de contratos. \r\n','',1796422,'2019-08-30 20:49:29','bruno.graciano@funasa.gov.br',1,''),(297,'Ajuste no SIGA','novo','Criação do módulo de Prestação de Contas e do Mmódulo de encerrados\r\n','Dar informação correta das fases no SIGA\r\n',1,'Status atualizados\r\n','',1796422,'2019-08-30 20:50:04','bruno.graciano@funasa.gov.br',1,''),(298,'Ajuste no SEI','novo','perfis de acesso diferentes, de acordo com as funções que cada um exerce na Funasa\r\n','perfis apenas para consultas de processos para estagiários, sem que os mesmos possam encerrar ou sobrestar processos, ter processos a eles atribuídos;\r\n',1,'Evitar erros de indicação de responsáveis\r\n','',1796422,'2019-08-30 20:50:41','bruno.graciano@funasa.gov.br',1,''),(299,'Ajuste no SEI','existente','Que inserir documentos em blocos de assinatura, não seja possível apenas para o \"autor\" do documento\r\n','ocorre por exemplo que um servidor que já possui mais de 40 dias diárias e que precisa de autorização do dirigente máximo da instituição para que a viagem possa ser realizada, ele faz o documento e assina, atribui em bloco para Superintendente assinar e o o superintendente não pode atribuir o documento para a Presidência autorizar, mas somente o servidor que criou o documento;\r\n',1,'Agilidade no fluxo do processo\r\n','',1796422,'2019-08-30 20:51:07','bruno.graciano@funasa.gov.br',1,''),(300,'Ajuste no SEI','existente','No SIGA, que os ajustes do anexo VI, cronograma de desembolso, que tem a finalidade de manter atualizado os repasses  o sistema não dê mensagem de erro quando é inserido o parecer de texto livre, exigindo o parecer padrão para que o processo possa ser considerado apto a liberação de parcela, podendo esse ajuste ser feito por servidores, pois não é necessária análise técnica para apenas o ajuste de datas.\r\n','No SIGA, que os ajustes do anexo VI, cronograma de desembolso, que tem a finalidade de manter atualizado os repasses  o sistema não dê mensagem de erro quando é inserido o parecer de texto livre, exigindo o parecer padrão para que o processo possa ser considerado apto a liberação de parcela, podendo esse ajuste ser feito por servidores, pois não é necessária análise técnica para apenas o ajuste de datas.\r\n',1,'Permitir que servidores, não excluisvamente técniso possam proceder ajuestes de ordem administrativa nos anexos V e VI\r\n','',1796422,'2019-08-30 20:51:34','bruno.graciano@funasa.gov.br',1,''),(301,'CONTA VINCULADA','novo','Pretende-se implementar medida para fazer o controle de saldos de conta vinculada dos contratos com dedicação exclusiva de mão de obra.\r\n','Melhorar a Gestão e controle de saldos de benefícios trabalhistas dos empregados vinculados aos contratos. Beneficiários serão todos os fiscais de contratos da Funasa e Suests\r\n',1,'Corrigir os erros existentes.\r\n','',0,'2019-09-02 16:12:14','samuel.costa@funasa.gov.br',1,''),(302,'SIGA','existente','INCLUSÃO\r\n','Fazer com o que o RMA (o relatório desaparece após o pagamento da parcela) seja permanente, assim como o RAA e RVT \r\n',0,'Histórico de Relatórios\r\n','',0,'2019-09-02 16:14:30','samuel.costa@funasa.gov.br',1,''),(303,'SIGA','existente','ADEQUAÇÃO\r\n','Permitir o preenchiumento correto das informações conforme a ação.\r\n',1,'Adequar as perguntas de todos os relatóris RA, RMA, RAA e RVT para todas as ações (DENSP e DESAM).\r\n','',0,'2019-09-02 16:15:11','samuel.costa@funasa.gov.br',1,''),(304,'SIGA','existente','ADEQUAÇÃO\r\n','Permitir o preenchiumento correto das informações conforme a ação.\r\n',0,'Adequar as perguntas da Análise Técnica para o financiamento do projeto básico (não cabe perguntas do projeto).\r\n','',0,'2019-09-02 16:16:00','samuel.costa@funasa.gov.br',1,''),(305,'SIGA','existente','INCLUSÃO\r\n','Permitir celeridade na instrução do pagamento.\r\n',0,'Não incluir nos Relatórios RA, RAA, RMA e RVT para o pagamento da 2ª parcela em diante, as mesmas perguntas que foram respondidas na 1ª parcela.\r\n','',0,'2019-09-02 16:16:38','samuel.costa@funasa.gov.br',1,''),(306,'SIGA','existente','INCLUSÃO\r\n','Informação adequada nos despachos de pagamento.\r\n',0,'Corrigir as  Portarias de Pagamento informadas quando do preenchimento dos relatórios.\r\n','',0,'2019-09-02 16:17:20','samuel.costa@funasa.gov.br',1,''),(307,'SIGA','existente','INCLUSÃO\r\n','Registro de autorização do Superintendente.\r\n',0,'Incluir autorização do Superintendente dentro do Despacho de pagamento.\r\n','',0,'2019-09-02 16:18:09','samuel.costa@funasa.gov.br',1,''),(308,'SIGA','existente','INCLUSÃO\r\n','Definição na aba de pagamento e correta instrução processual.\r\n',1,'O SIGA identificar a parcela do financiamento do projeto básico. Ex.: Parcela projeto básico.\r\n','',0,'2019-09-02 16:20:04','samuel.costa@funasa.gov.br',1,''),(309,'SIGA/SICONV','existente','INCLUSÃO\r\n','Notificação automatizada\r\n',0,'Notificar Proponentes de forma automizada entre Sistemas\r\n','',0,'2019-09-02 16:20:52','samuel.costa@funasa.gov.br',1,''),(310,'SIGA','existente','INCLUSÃO\r\n','Análise de instrumentos para celebração\r\n',1,'Check List (Adm, Tecnico, Financeiro)\r\n','',0,'2019-09-02 16:21:33','samuel.costa@funasa.gov.br',1,''),(311,'SIGA','existente','INCLUSÃO\r\n','Análise de instrumentos para pagamento\r\n',0,'Check List (Adm, Tecnico, Financeiro)\r\n','',0,'2019-09-02 16:22:14','samuel.costa@funasa.gov.br',1,''),(312,'SIGA','existente','INCLUSÃO\r\n','Celebração de termos aditivos de forma automatica\r\n',0,'Modulo Para Elaboração De Termos Aditivos (Supressão, Acrescimo, Vigência, De Oficio, Alteração De Metas)\r\n','',0,'2019-09-02 16:26:57','samuel.costa@funasa.gov.br',1,''),(313,'SIGA','existente','INCLUSÃO\r\n','Automatização de Ajustes no instrumento firmados\r\n',1,'Modulo Para Geração De Termos De Apostilamento\r\n','',0,'2019-09-02 16:27:44','samuel.costa@funasa.gov.br',1,''),(314,'SIGA','existente','INCLUSÃO\r\n','Controle De Vigência de instrumentos firmados\r\n',0,'Evitar Perda De Vigência Com Implmentação De Funcionalidade Para Alerta E Possível Bloqueio De Instrumento Até A Vigência Seja Atualizada\r\n','',0,'2019-09-02 16:28:41','samuel.costa@funasa.gov.br',1,''),(315,'SIGA','existente','INCLUSÃO\r\n','Agilidade Na Desconcentração De Instrumentos Firmados Pela Funasa\r\n',0,'Realizar Desconcentração De Convênio Com Despachos Gerados Pelo Sistema\r\n','',0,'2019-09-02 16:29:26','samuel.costa@funasa.gov.br',1,''),(316,'SIGA','existente','INCLUSÃO\r\n','Cumprir Legislação Referente A Notificação Junto A Camaras Municípais E Assembleias legislativa.\r\n',0,'Modulo Para Geração De Documentos (Celebração E Pagamento) Para Notificação\r\n','',0,'2019-09-02 16:30:10','samuel.costa@funasa.gov.br',1,''),(317,'AJUSTES NO SIGA OU BI','existente','','Falta visibilidade no processo de coleta. Atraso de entrega de projeto',1,'Melhorar e agilizar o processo','',6477116,'2019-09-02 18:52:13','samuel.costa@funasa.gov.br',1,''),(319,'Ajuste no SIGA','existente','Análise e aprovação de convênio: Convênios na fase de acompanhamento sem proposta aprovada; Convênios aprovados contudo sem análise; Não vinculação a vedação - Fatos Impeditivos e o processo tramita','Eficiencia. Agilidade no atendimento. Ganho de produtividade. Transparência na informação',1,'Corrigir os erros existentes e ajustes do sistema','',473300,'2019-09-04 19:49:36','bruno.graciano@funasa.gov.br',1,''),(320,'Ajuste no SIGA','existente','Pesquisa e Layuot: Algumas fases não apresentam a coluna do número do instrumento.','Eficiencia. Agilidade no atendimento. Ganho de produtividade.',1,'Facilidade na pesquisa','',473300,'2019-09-04 19:50:34','bruno.graciano@funasa.gov.br',1,''),(322,'Ajuste no SIGA','existente','Padronização no layout de lotes de coluna no SIGA em todas as fases','Eficiencia. Agilidade no atendimento. Ganho de produtividade.',1,'Facilitação da pesquisa','',473300,'2019-09-04 20:17:33','samuel.costa@funasa.gov.br',1,''),(323,'Ajuste no SIGA','existente','Correção nos campos de datas  e ajustes de vigencias dos convenios com conformidade  as orientações da PGF e legislação vigente.','Eficiencia. Agilidade no atendimento. Ganho de produtividade.',1,'Eficiencia. Agilidade no atendimento. Ganho de produtividade.','',473300,'2019-09-04 20:24:22','samuel.costa@funasa.gov.br',1,''),(324,'Ajuste no SIGA','existente','Padronização da geração do relatório do sistema em PDF. Sendo apenas visualizado em algumas versões do windows','Eficiencia. Agilidade no atendimento. Ganho de produtividade.',1,'Eficiencia. Agilidade no atendimento. Ganho de produtividade.','',473300,'2019-09-04 20:24:57','samuel.costa@funasa.gov.br',1,''),(325,'Ajuste no SIGA','existente','Substituição do título \"visita técnica\" por análise técnica na ABA - Análise de projeto visita técnica na fase análise técnica','Adequaçaõ do termo ao objetivo realizado',1,'Eficiencia. Agilidade no atendimento. Ganho de produtividade.','',473300,'2019-09-04 20:25:33','samuel.costa@funasa.gov.br',1,''),(326,'Ajuste no SIGA','existente','Incluir no questionário: Na fase de Análise Técnica, na aba Análise de Projeto/Visita Técnica, complementar os seguintes itens: 1 - Consta parecer circunstanciado de profissional tecnicamente habilitado do proponente/convenente devidamente credenciado e identificado pelo representante legal com ART de Cargo e Função? 2 - Consta Declaração de Contrapartida? 3 -Consta Declaração de Responsabilidade pela Operação e Manutenção do Sistema?','Eficiencia na análise',1,'Eficiencia. Agilidade no atendimento. Ganho de produtividade.','',473300,'2019-09-04 20:26:25','samuel.costa@funasa.gov.br',1,''),(327,'Ajuste no SIGA','existente','Incluir espaço para escrever as pendências em cada item do checklist','Eficiencia da análise e agilidade no atendimeto',1,'Eficiencia. Agilidade no atendimento. Ganho de produtividade.','',473300,'2019-09-04 20:27:08','samuel.costa@funasa.gov.br',1,''),(328,'Ajuste no SIGA','existente','Inserir um módulo para Geologia / check list para poços','Eficiencia. Agilidade no atendimento. Ganho de produtividade.',1,'Eficiencia. Agilidade no atendimento. Ganho de produtividade.','',473300,'2019-09-04 20:27:52','samuel.costa@funasa.gov.br',1,''),(329,'Ajuste no SIGA','existente','Exibir os relatórios em ordem cronológica','Eficiencia. Agilidade no atendimento. Ganho de produtividade.',1,'Eficiencia. Agilidade no atendimento. Ganho de produtividade.','',473300,'2019-09-04 20:28:27','samuel.costa@funasa.gov.br',1,''),(330,'Ajuste no SIGA','existente','Exibir data e assinatura no relatório de acompanhamento RA entidade','Maior tranparência nas informações',1,'Eficiencia. Agilidade no atendimento. Ganho de produtividade.','',473300,'2019-09-04 20:29:13','samuel.costa@funasa.gov.br',1,''),(331,'Ajuste no SIGA','existente','Exibir nos relatórios o percentual de execução física, financeira e etapa útil','Maior tranparência nas informações',1,'Eficiencia. Agilidade no atendimento. Ganho de produtividade.','',473300,'2019-09-04 20:29:55','samuel.costa@funasa.gov.br',1,''),(332,'Ajuste no SIGA','existente','Possibilitar a inclusão de novos relatórios e visualizar relatóri e pareceres anteriores durante a fase de reanálise.','Eficiencia. Agilidade no atendimento. Ganho de produtividade.',1,'Eficiencia. Agilidade no atendimento. Ganho de produtividade.','',473300,'2019-09-04 20:30:37','samuel.costa@funasa.gov.br',1,''),(334,'Sistema de Gestão de Contratos administrativos','novo','Permitir a gerencia de contratos de forma eficiente.','Sistema capaz de gerenciar os contratos das Unidades, contendo no mínimo funções para controle de: prazo, saldo contratual, orçamentário, e financeiro, prazo de garantia, medições, pagamentos, repactuações e/ou reajustes; informações dos terceirizados; controle de aprovisionamento de verbas trabalhistas para a Conta Vinculada-Bloqueada para movimentação',1,'Garantia da transparencia das informações. Eficiencia no gerenciamento de contratos.','',473300,'2019-09-04 20:31:58','samuel.costa@funasa.gov.br',1,''),(335,'Sistema de Gestão das licitação','novo','Permitir a gerencia das licitações da unidade','Sistema capaz de gerenciar as contratações e licitações das Unidades, contendo no mínimo funções para controle de: prazos dos trâmites, conformidade com o Plano Anual de Contratações, aquisições por meio de dispensa afim de evitar o fracionamento de despesas, emissão de relatórios das licitações/contratações realizadas,',1,'Garantia da transparencia das informações. Eficiencia no gerenciamento Das licitações','',473300,'2019-09-04 20:32:36','samuel.costa@funasa.gov.br',1,''),(337,'Ajuste no SEI','existente','Perfis de assinaturas, de acordo com as funções que cada um exerce na Funasa','Perfil de assinatura utilizando o cargo / função para todos os acessos /unidades',1,'Evitar erros de classificação de cargos','',473300,'2019-09-04 20:34:31','samuel.costa@funasa.gov.br',0,'Sistema proprietário do Governo Federal'),(338,'Ajuste no SEI','existente','Perfis para permitir assinaturas externas de órgãos e empresas particularas','Perfil de assinatura externa',1,'Agilidade do tramite processual','',473300,'2019-09-04 20:35:25','samuel.costa@funasa.gov.br',0,'Elaboração de normas e procedimentos para o uso do sistema'),(339,'Ajuste no SEI','existente','Exibir na árvore do processo a sigla da unidade geradora e o ano de elaboraçao','Agilidade na movimentação do processo e atendimento das demandas',1,'Agilidade no fluxo do processo','',473300,'2019-09-04 20:37:50','samuel.costa@funasa.gov.br',0,'Elaboração de normas e procedimentos para o uso do sistema'),(340,'Ajuste no SEI','existente','Incluir filtro na função consultar andamento possibilitanto acompanhar o fluxo do processo por SUEST/unidade','Agilidade na movimentação do processo e atendimento das demandas',1,'Agilidade no fluxo do processo','',473300,'2019-09-04 20:38:51','samuel.costa@funasa.gov.br',0,'Sistema proprietário do Governo Federal'),(341,'PDF ELEMENT','novo','Permitir a inclusão de documentos no sistema e-TCE','Cumprir o padrão de inclusão do documentos no sistema e-TCE',1,'Inclusão de documentos','',473300,'2019-09-04 20:39:55','samuel.costa@funasa.gov.br',0,'Aquisição de licenças de software'),(342,'Solft para acompanhamento de convênio','novo','Permitir o acompanhamento do instrumento de convência por meio de diário virtual','Facilitar o acompanhamento crolnológico do instrumento de convêncio',1,'Eficiencia. Agilidade no atendimento. Ganho de produtividade.','',473300,'2019-09-04 20:40:37','samuel.costa@funasa.gov.br',1,''),(343,'Ferramente no sitio da FUNASA','existente','Incluiir uma biblioteca virtual com a possiilidade de pesquisa de Poprtaria, Decreto, BS, Nota Técnica e afins','Facilitar o acompanhamento dos instrumentos',1,'Transparencia nas informações','',473300,'2019-09-04 20:41:33','samuel.costa@funasa.gov.br',1,''),(344,'SIGA','existente','INCLUIR CAMPO PARA VALORES DO USO DO SALDO DE APLICAÇÃO NO ANEXO V','MELHOR TRANSPARÊNCIA DAS INFORMAÇÕES',1,'HOJE TEM QUE SER REALIZADO FORA DO SISTEMA ESTA INFORMAÇÃO, EM DOCUMENTO ELABORADO NO MS-WORD','',1647960,'2019-09-06 18:24:06','samuel.costa@funasa.gov.br',1,''),(345,'SIGA','existente','MELHORIA E CONFIABILIDADE NAS INFORMAÇÕES','MELHORIA E CONFIABILIDADE NAS INFORMAÇÕES',1,'HOJE TEM QUE SER REALIZADO FORA DO SISTEMA ESTA INFORMAÇÃO, EM DOCUMENTO ELABORADO NO MS-WORD','TEM QUE ACESSAR OUTROS SISTEMAS SEI E PORTAL MAIS BRASIL PARA CONFERIR A INFORMAÇÃO',1647960,'2019-09-06 18:28:03','samuel.costa@funasa.gov.br',1,''),(346,'SEI','existente','PERMITIR ACESSO EXTERNO PARA MUNIÍPIOS PROTOCOLAR DOCUMENTAÇÃO','MELHORAR O ACESSO ÀS INFORMAÇÕES DEVIDO ÀS LIMITAÇÕES DE TAMANHO DE DOCUMENTOS ENCAMINHADOS VIA E-MAIL E A PERMISSÃO SOMENTE PARA O USO DO ONEDRIVE',1,'PERMITIR QUE AS PRÓPRIAS PREFEITURAS INSIRAM OS DOCUMENTOS, JÁ QUE OS ARMAZENAMENTOS DE NUVEM MAIS COMUNS PARA DISPONIBILIZAÇÃO DE ARQUIVOS SÃO BLOQUEADOS PELA REDE, ALÉM DA NÃO PERMISSÃO DE SALVAR ARQUIVOS .ZIP NAS PASTAS DE REDE, SOMENTE NA ÁREA DE TRABALHO, O QUE DIFICULTA E CAUSA MOROSIDADE NO PROCESSO DE PROTOCOLO','',1647960,'2019-09-06 18:29:23','samuel.costa@funasa.gov.br',0,'Elaboração de normas e procedimentos para o uso do sistema'),(347,'SIGA','existente','Atualização do sistema segundo a legislação vigente.','O SIGA escontra-se desatualizado - não cumpre a legislação vigente.',1,'Eficiência e produtividade','',1647960,'2019-09-06 18:30:35','samuel.costa@funasa.gov.br',1,''),(348,'SIGA','existente','Reduzir o número de convenios que estão com dados incorretos (exemplo: convênios de 2015 e 2016 que ainda estão na fase  de celebração no sistema, porém, que já estão em execução)','Redução do tempo empregado em atvidades que são repetitivas e que não geram o valor ao usuário.',1,'Eficiência e produtividade','',1647960,'2019-09-06 18:32:05','samuel.costa@funasa.gov.br',1,''),(349,'SIGA','existente','Possibilitar aos gestores locais atualizarem a vigência no SIGA de maneira automática','Maior eficiência e produtividade dos servidores, evitando retrabalho.',1,'Eficiência e produtividade','',1647960,'2019-09-06 18:33:11','samuel.costa@funasa.gov.br',1,''),(350,'Integração SIGA/SICONV','existente','Permitir que as informações entre SIGA e SINCOV sejam sincronizadas','Maior eficiência e produtividade dos servidores, evitando retrabalho.',1,'Eficiência e produtividade','',1647960,'2019-09-06 18:34:03','samuel.costa@funasa.gov.br',1,''),(351,'SIGA','existente','Corrigir o modelo/processo de cronograma de trabalho, pois o atual não contempla as necessidades das Superintendências','Maior eficiência e produtividade dos servidores, evitando retrabalho.',1,'Eficiência e produtividade','',1647960,'2019-09-06 18:34:48','samuel.costa@funasa.gov.br',1,''),(352,'BI/SICONV','existente','Integração entre o BI e o SICONV','O SIGA não possui informações corretas e atualizadas. Proõe-se a integração com o SINCOV que possui maior grau de confiança.',1,'Eficiência e produtividade','',1647960,'2019-09-06 18:35:56','samuel.costa@funasa.gov.br',1,'');
/*!40000 ALTER TABLE `demandas` ENABLE KEYS */;
UNLOCK TABLES;

--
-- Table structure for table `demunid`
--

DROP TABLE IF EXISTS `demunid`;
/*!40101 SET @saved_cs_client     = @@character_set_client */;
/*!40101 SET character_set_client = utf8 */;
CREATE TABLE `demunid` (
  `fk_demandas` int(11) DEFAULT NULL,
  `fk_Unidades` int(11) DEFAULT NULL,
  KEY `fk_demandas` (`fk_demandas`),
  KEY `fk_Unidades` (`fk_Unidades`)
) ENGINE=InnoDB DEFAULT CHARSET=utf8;
/*!40101 SET character_set_client = @saved_cs_client */;

--
-- Dumping data for table `demunid`
--

LOCK TABLES `demunid` WRITE;
/*!40000 ALTER TABLE `demunid` DISABLE KEYS */;
INSERT INTO `demunid` VALUES (44,6),(45,6),(46,24),(47,6),(48,6),(49,7),(50,6),(51,7),(52,6),(53,6),(54,7),(55,6),(56,6),(57,7),(58,6),(59,7),(60,7),(61,7),(62,7),(63,8),(64,7),(65,7),(66,8),(67,8),(68,8),(69,8),(70,8),(71,8),(72,9),(73,9),(74,8),(75,8),(76,9),(77,8),(78,9),(79,9),(80,13),(81,13),(82,9),(83,13),(84,13),(85,13),(86,13),(87,13),(88,13),(89,13),(90,13),(91,13),(92,9),(93,15),(94,15),(95,9),(96,15),(97,9),(98,9),(99,16),(100,16),(101,16),(102,9),(103,7),(104,16),(105,16),(106,14),(107,14),(108,14),(109,14),(110,14),(111,14),(112,14),(113,14),(114,14),(115,22),(116,22),(117,22),(118,21),(119,21),(120,21),(121,21),(122,22),(123,21),(124,21),(125,21),(126,22),(127,21),(128,21),(129,21),(130,22),(131,22),(132,25),(133,22),(134,25),(135,22),(136,25),(137,22),(138,22),(139,26),(140,26),(141,26),(142,28),(143,28),(144,28),(145,29),(146,29),(147,29),(148,29),(149,31),(150,22),(151,22),(152,22),(153,22),(154,22),(155,22),(156,22),(157,22),(158,22),(159,22),(160,13),(161,22),(162,35),(163,35),(164,35),(165,35),(166,35),(167,35),(168,35),(169,35),(170,39),(170,40),(170,46),(171,39),(171,40),(171,42),(172,39),(172,40),(172,46),(173,46),(173,40),(173,39),(174,40),(174,39),(174,46),(175,46),(175,40),(175,39),(176,46),(176,40),(176,39),(177,39),(177,40),(177,46),(178,40),(178,46),(178,39),(179,18),(180,18),(181,18),(182,18),(183,18),(184,18),(185,18),(186,18),(187,18),(188,18),(189,23),(190,23),(191,23),(192,23),(193,23),(194,23),(195,23),(196,23),(197,23),(198,23),(199,23),(200,23),(201,23),(202,46),(202,40),(202,39),(203,39),(203,40),(203,46),(204,46),(204,40),(204,39),(205,40),(205,42),(205,46),(206,39),(206,46),(206,40),(207,40),(207,46),(207,39),(208,11),(209,11),(210,11),(211,11),(212,11),(213,11),(214,17),(215,17),(216,17),(217,17),(218,17),(219,17),(220,17),(221,17),(222,17),(223,17),(224,17),(225,11),(226,17),(227,17),(228,17),(229,17),(230,43),(231,43),(232,43),(233,37),(234,37),(235,37),(236,37),(237,37),(238,36),(239,30),(240,30),(241,30),(242,30),(243,30),(244,30),(245,30),(246,30),(247,30),(248,30),(249,30),(250,30),(251,30),(252,10),(253,33),(254,33),(255,10),(256,33),(257,10),(258,33),(259,33),(260,10),(261,33),(262,10),(263,10),(264,33),(265,10),(266,33),(267,33),(268,10),(269,33),(270,10),(271,33),(272,33),(273,33),(274,10),(275,33),(276,33),(277,10),(278,33),(279,10),(280,33),(281,33),(282,10),(283,33),(284,10),(285,33),(286,10),(287,10),(288,10),(289,27),(290,27),(291,27),(292,27),(293,27),(294,27),(295,27),(296,27),(297,27),(298,27),(299,27),(300,27),(301,47),(302,38),(303,38),(304,38),(305,38),(306,38),(307,38),(308,38),(309,38),(310,38),(311,38),(312,38),(313,38),(314,38),(315,38),(316,38),(317,23),(318,24),(319,20),(320,20),(321,47),(322,20),(323,20),(324,20),(325,20),(326,20),(327,20),(328,20),(329,20),(330,20),(331,20),(332,20),(333,20),(334,20),(335,20),(336,20),(337,20),(338,20),(339,20),(340,20),(341,20),(342,20),(343,20),(344,28),(345,28),(346,28),(347,28),(348,28),(349,28),(350,28),(351,28),(352,28),(353,28),(354,28),(355,28),(356,28),(357,28),(358,28),(359,28),(360,28);
/*!40000 ALTER TABLE `demunid` ENABLE KEYS */;
UNLOCK TABLES;

--
-- Table structure for table `responsavel`
--

DROP TABLE IF EXISTS `responsavel`;
/*!40101 SET @saved_cs_client     = @@character_set_client */;
/*!40101 SET character_set_client = utf8 */;
CREATE TABLE `responsavel` (
  `siape` int(7) NOT NULL,
  `nome` varchar(20) DEFAULT NULL,
  `sobrenome` varchar(20) DEFAULT NULL,
  `email` varchar(60) DEFAULT NULL,
  `telefone` bigint(11) DEFAULT NULL,
  PRIMARY KEY (`siape`)
) ENGINE=InnoDB DEFAULT CHARSET=utf8;
/*!40101 SET character_set_client = @saved_cs_client */;

--
-- Dumping data for table `responsavel`
--

LOCK TABLES `responsavel` WRITE;
/*!40000 ALTER TABLE `responsavel` DISABLE KEYS */;
INSERT INTO `responsavel` VALUES (0,'Sem Responsável','(Não Informado)','nulo@nulo.nulo',0),(5151,'Luiz',' de Souza Santos','luiz.santos@funasa.gov.br',6898124108),(404176,'Maria Conceição','Machado dos Anjos','maria.anjos@funasa.gov.br',6232263009),(467895,'Alquimar','Sousa Almeida','asalmeida2001@yahoo.com.br',6332182345),(469763,'CICERO','APARECIDO DA SILVA','cicero.silva@funasa.gov.br',7932342909),(471005,'Luciano','Campelo Albuquerque','luciano.campelo@funasa.gov.br',6932166153),(473300,'Diniz','Batista da Silva','diniz.silva@funasa.gov.br',8134278315),(480550,'Hélio','Tadashi Yamada','helio.yamada@funasa.gov.br',3132482941),(1040904,'Conceição','M. A. Carvalho','conceicao.carvalho@funasa.gov.br',1135859723),(1102353,'Daniele','Leopoldino Silva','daniele.silva@funasa.gov.br',6133146251),(1647960,'Igor H.','K. Sana','igor.sana@funasa.gov.br',4832817740),(1732308,'Reginaldo Luiz','de Santana Junior','reginaldo.junior@funasa.gov.br',6533130395),(1732904,'Daniela','Cardoso Góis Santos','daniela.gois@funasa.gov.br',33146344),(1785834,'Laura Maria','Da Costa Candido','laura.candido@funasa.gov.br',67933096363),(1796422,'Antonio','Carlos Boszko','antonio.boszko@funasa.gov.br',5132157001),(1853636,'Renilton','Cavalcante da Silva','renilton.junior@funasa.gov.br',8231942041),(6477116,'Leandro','Vença Damasceno','leando.damasceno@funasa.gov.br',2134450720);
/*!40000 ALTER TABLE `responsavel` ENABLE KEYS */;
UNLOCK TABLES;

--
-- Table structure for table `tabelaordem`
--

DROP TABLE IF EXISTS `tabelaordem`;
/*!40101 SET @saved_cs_client     = @@character_set_client */;
/*!40101 SET character_set_client = utf8 */;
CREATE TABLE `tabelaordem` (
  `idTbOrd` int(11) NOT NULL AUTO_INCREMENT,
  `tipo` varchar(60) DEFAULT NULL,
  `quant` bigint(20) DEFAULT NULL,
  PRIMARY KEY (`idTbOrd`)
) ENGINE=InnoDB AUTO_INCREMENT=5 DEFAULT CHARSET=utf8;
/*!40101 SET character_set_client = @saved_cs_client */;

--
-- Dumping data for table `tabelaordem`
--

LOCK TABLES `tabelaordem` WRITE;
/*!40000 ALTER TABLE `tabelaordem` DISABLE KEYS */;
INSERT INTO `tabelaordem` VALUES (1,'SIGA',NULL),(2,'SICONV',NULL),(3,'SIE',NULL),(4,'SIREF',NULL);
/*!40000 ALTER TABLE `tabelaordem` ENABLE KEYS */;
UNLOCK TABLES;

--
-- Table structure for table `unidade`
--

DROP TABLE IF EXISTS `unidade`;
/*!40101 SET @saved_cs_client     = @@character_set_client */;
/*!40101 SET character_set_client = utf8 */;
CREATE TABLE `unidade` (
  `idUnid` int(11) NOT NULL AUTO_INCREMENT,
  `siglasUnid` varchar(20) DEFAULT NULL,
  `nomeUnid` varchar(30) DEFAULT NULL,
  `fk_Responsavel` int(11) DEFAULT NULL,
  PRIMARY KEY (`idUnid`),
  KEY `unidade_ibfk_1` (`fk_Responsavel`)
) ENGINE=InnoDB AUTO_INCREMENT=48 DEFAULT CHARSET=utf8;
/*!40101 SET character_set_client = @saved_cs_client */;

--
-- Dumping data for table `unidade`
--

LOCK TABLES `unidade` WRITE;
/*!40000 ALTER TABLE `unidade` DISABLE KEYS */;
INSERT INTO `unidade` VALUES (6,'SUEST AC',NULL,NULL),(7,'SUEST AL',NULL,NULL),(8,'SUEST AM',NULL,NULL),(9,'SUEST AP',NULL,NULL),(10,'SUEST BA',NULL,NULL),(11,'SUEST CE',NULL,NULL),(12,'SUEST ES',NULL,NULL),(13,'SUEST GO',NULL,NULL),(14,'SUEST MA',NULL,NULL),(15,'SUEST MG',NULL,NULL),(16,'SUEST MS',NULL,NULL),(17,'SUEST MT',NULL,NULL),(18,'SUEST PA',NULL,NULL),(19,'SUEST PB',NULL,NULL),(20,'SUEST PE',NULL,NULL),(21,'SUEST PI',NULL,NULL),(22,'SUEST PR',NULL,NULL),(23,'SUEST RJ',NULL,NULL),(24,'SUEST RN',NULL,NULL),(25,'SUEST RO',NULL,NULL),(26,'SUEST RR',NULL,NULL),(27,'SUEST RS',NULL,NULL),(28,'SUEST SC',NULL,NULL),(29,'SUEST SE',NULL,NULL),(30,'SUEST SP',NULL,NULL),(31,'SUEST TO',NULL,NULL),(32,'DEADM/CGLOG',NULL,NULL),(33,'DEADM/CGOFI',NULL,NULL),(34,'DEADM/CGMTI',NULL,NULL),(35,'DEADM/CGESP',NULL,NULL),(36,'DIREX/COTEC',NULL,NULL),(37,'DIREX/CGPLA',NULL,NULL),(38,'DIREX/CGCON',NULL,NULL),(39,'DENSP/CGESA',NULL,NULL),(40,'DENSP/CGCOT',NULL,NULL),(41,'DESNP/CGEAR',NULL,NULL),(42,'DESAM/COESA',NULL,NULL),(43,'DESAM/COCAG',NULL,NULL),(44,'DESAM/COPET',NULL,NULL),(45,'DESAM/COPAE',NULL,NULL),(46,'DENSP/COESP',NULL,NULL),(47,'DEADM/COCAT','DEADM/COCAT',NULL);
/*!40000 ALTER TABLE `unidade` ENABLE KEYS */;
UNLOCK TABLES;

--
-- Table structure for table `usuarios`
--

DROP TABLE IF EXISTS `usuarios`;
/*!40101 SET @saved_cs_client     = @@character_set_client */;
/*!40101 SET character_set_client = utf8 */;
CREATE TABLE `usuarios` (
  `email` varchar(60) NOT NULL,
  `nome` varchar(40) NOT NULL,
  `senha` varchar(20) NOT NULL,
  PRIMARY KEY (`email`)
) ENGINE=InnoDB DEFAULT CHARSET=utf8;
/*!40101 SET character_set_client = @saved_cs_client */;

--
-- Dumping data for table `usuarios`
--

LOCK TABLES `usuarios` WRITE;
/*!40000 ALTER TABLE `usuarios` DISABLE KEYS */;
INSERT INTO `usuarios` VALUES ('admin@admin.com','admin','admin123'),('bruno.graciano@funasa.gov.br','bruno.graciano','123'),('jefferson.a.silva@funasa.gov.br','Jefferson Matheus','123'),('presidente@funasa','presidente','1423'),('samuel.costa@funasa.gov.br','samuel.costa','123');
/*!40000 ALTER TABLE `usuarios` ENABLE KEYS */;
UNLOCK TABLES;

--
-- Dumping events for database 'funasa'
--

--
-- Dumping routines for database 'funasa'
--
/*!40103 SET TIME_ZONE=@OLD_TIME_ZONE */;

/*!40101 SET SQL_MODE=@OLD_SQL_MODE */;
/*!40014 SET FOREIGN_KEY_CHECKS=@OLD_FOREIGN_KEY_CHECKS */;
/*!40014 SET UNIQUE_CHECKS=@OLD_UNIQUE_CHECKS */;
/*!40101 SET CHARACTER_SET_CLIENT=@OLD_CHARACTER_SET_CLIENT */;
/*!40101 SET CHARACTER_SET_RESULTS=@OLD_CHARACTER_SET_RESULTS */;
/*!40101 SET COLLATION_CONNECTION=@OLD_COLLATION_CONNECTION */;
/*!40111 SET SQL_NOTES=@OLD_SQL_NOTES */;

-- Dump completed on 2019-09-13 12:51:34
