-- MySQL dump 10.13  Distrib 5.7.9, for Win64 (x86_64)
--
-- Host: 127.0.0.1    Database: funasa
-- ------------------------------------------------------
-- Server version	5.7.11-log

/*!40101 SET @OLD_CHARACTER_SET_CLIENT=@@CHARACTER_SET_CLIENT */;
/*!40101 SET @OLD_CHARACTER_SET_RESULTS=@@CHARACTER_SET_RESULTS */;
/*!40101 SET @OLD_COLLATION_CONNECTION=@@COLLATION_CONNECTION */;
/*!40101 SET NAMES utf8 */;
/*!40103 SET @OLD_TIME_ZONE=@@TIME_ZONE */;
/*!40103 SET TIME_ZONE='+00:00' */;
/*!40014 SET @OLD_UNIQUE_CHECKS=@@UNIQUE_CHECKS, UNIQUE_CHECKS=0 */;
/*!40014 SET @OLD_FOREIGN_KEY_CHECKS=@@FOREIGN_KEY_CHECKS, FOREIGN_KEY_CHECKS=0 */;
/*!40101 SET @OLD_SQL_MODE=@@SQL_MODE, SQL_MODE='NO_AUTO_VALUE_ON_ZERO' */;
/*!40111 SET @OLD_SQL_NOTES=@@SQL_NOTES, SQL_NOTES=0 */;

--
-- Table structure for table `bendem`
--

DROP TABLE IF EXISTS `bendem`;
/*!40101 SET @saved_cs_client     = @@character_set_client */;
/*!40101 SET character_set_client = utf8 */;
CREATE TABLE `bendem` (
  `fk_Beneficiarios` int(11) NOT NULL,
  `fk_Demandas` int(11) NOT NULL,
  KEY `fk_Demandas` (`fk_Demandas`),
  KEY `fk_Beneficiarios` (`fk_Beneficiarios`),
  CONSTRAINT `bendem_ibfk_1` FOREIGN KEY (`fk_Demandas`) REFERENCES `demandas` (`idDem`) ON DELETE CASCADE ON UPDATE CASCADE,
  CONSTRAINT `bendem_ibfk_2` FOREIGN KEY (`fk_Beneficiarios`) REFERENCES `beneficiarios` (`idBen`) ON DELETE NO ACTION ON UPDATE NO ACTION
) ENGINE=InnoDB DEFAULT CHARSET=utf8;
/*!40101 SET character_set_client = @saved_cs_client */;

--
-- Dumping data for table `bendem`
--

LOCK TABLES `bendem` WRITE;
/*!40000 ALTER TABLE `bendem` DISABLE KEYS */;
INSERT INTO `bendem` VALUES (15,48),(15,49),(15,50),(15,51),(15,52),(15,53),(15,54),(15,55),(15,56),(15,57),(15,58),(22,58),(15,59),(22,59),(15,60),(15,61),(15,62),(15,63),(15,64),(15,65),(15,66),(15,67),(15,68),(15,69),(15,70),(15,71),(17,72),(24,72),(16,72),(15,73),(15,74),(15,75),(15,76),(15,77),(15,78),(15,79),(15,80),(22,80),(15,82),(15,83),(15,84),(15,85),(15,86),(15,87),(15,88),(15,89),(15,90),(15,91),(15,93),(22,93),(15,94),(24,95),(17,95),(16,95),(15,96),(24,97),(17,97),(16,97),(18,97),(16,98),(17,98),(24,98),(15,99),(15,100),(15,101),(24,102),(17,102),(16,102),(15,103),(15,104),(23,104),(15,105),(15,106),(18,106),(15,107),(15,108),(15,109),(16,109),(22,109),(15,110),(23,111),(23,112),(23,113),(23,114),(15,115),(15,116),(15,117),(15,118),(15,119),(15,120),(15,121),(24,122),(17,122),(16,122),(18,122),(22,123),(15,123),(15,124),(15,125),(18,126),(15,126),(22,126),(15,127),(15,128),(15,129),(18,130),(15,130),(24,131),(17,131),(16,131),(18,131),(18,132),(15,132),(15,133),(15,134),(15,135),(22,136),(15,136),(15,137),(15,138),(15,139),(23,140),(22,140),(15,140),(15,141),(22,142),(18,142),(15,142),(15,143),(18,143),(22,143),(15,144),(18,144),(22,144),(15,145),(15,146),(15,147),(15,148),(15,149),(15,150),(15,151),(15,152),(15,153),(22,154),(18,154),(15,154),(15,155),(15,157),(15,158),(15,160),(15,161);
/*!40000 ALTER TABLE `bendem` ENABLE KEYS */;
UNLOCK TABLES;

--
-- Table structure for table `beneficiarios`
--

DROP TABLE IF EXISTS `beneficiarios`;
/*!40101 SET @saved_cs_client     = @@character_set_client */;
/*!40101 SET character_set_client = utf8 */;
CREATE TABLE `beneficiarios` (
  `idBen` int(11) NOT NULL AUTO_INCREMENT,
  `beneficiario` varchar(45) DEFAULT NULL,
  PRIMARY KEY (`idBen`)
) ENGINE=InnoDB AUTO_INCREMENT=26 DEFAULT CHARSET=utf8;
/*!40101 SET character_set_client = @saved_cs_client */;

--
-- Dumping data for table `beneficiarios`
--

LOCK TABLES `beneficiarios` WRITE;
/*!40000 ALTER TABLE `beneficiarios` DISABLE KEYS */;
INSERT INTO `beneficiarios` VALUES (10,'Interno Coordenação'),(11,'Interno Diretoria'),(12,'Interno Presidência'),(13,'Interno Superintendência'),(15,'Interno Todos'),(16,'Externo Governos Municipais'),(17,'Externo Governos Estaduais'),(18,'Externo Cidadões'),(19,'Externo Deputados'),(20,'Externo Senadores'),(21,'Externo Executivo'),(22,'Externo Outros'),(23,'Todos'),(24,'Externo Governo Federal'),(25,'Externo Todos');
/*!40000 ALTER TABLE `beneficiarios` ENABLE KEYS */;
UNLOCK TABLES;

--
-- Table structure for table `demandas`
--

DROP TABLE IF EXISTS `demandas`;
/*!40101 SET @saved_cs_client     = @@character_set_client */;
/*!40101 SET character_set_client = utf8 */;
CREATE TABLE `demandas` (
  `idDem` int(11) NOT NULL AUTO_INCREMENT,
  `titulo` varchar(120) DEFAULT NULL,
  `tipoSistema` varchar(30) DEFAULT NULL,
  `motivoImplantacao` text,
  `impactoNumBen` text,
  `alinhamento` tinyint(1) DEFAULT NULL,
  `objetivoSolucao` varchar(500) DEFAULT NULL,
  `obs` text,
  `fk_Responsavel` int(11) DEFAULT NULL,
  `dataCadastro` timestamp NOT NULL DEFAULT CURRENT_TIMESTAMP,
  `criadorDemandas` varchar(60) DEFAULT NULL,
  `pertencente` tinyint(1) NOT NULL,
  `motivo` varchar(100) DEFAULT NULL,
  PRIMARY KEY (`idDem`),
  KEY `fk_Responsavel` (`fk_Responsavel`),
  KEY `ciadorDemandas` (`criadorDemandas`)
) ENGINE=InnoDB AUTO_INCREMENT=162 DEFAULT CHARSET=utf8;
/*!40101 SET character_set_client = @saved_cs_client */;

--
-- Dumping data for table `demandas`
--

LOCK TABLES `demandas` WRITE;
/*!40000 ALTER TABLE `demandas` DISABLE KEYS */;
INSERT INTO `demandas` VALUES (48,'AUTO CAD','existente','Atualização\r\n','Facilidade no desenvolvimento e acompanhamento de projetos e desenhos em geral (1 usuários).\r\n',1,'Auxílio no desenvolvimento de projetos.\r\n','Software já disponível na SUEST/AC.\r\n',5151,'2019-08-05 17:57:43','bruno.graciano@funasa.gov.br',0,'Aquisição de licenças de software'),(49,'SIGA','existente','Atualização','Otimizara as informações que são imprecisas , não confiando no sistema, recorrendo a outros para confirmar informações.',1,'Auxílio na consulta de demandas','',1853636,'2019-08-05 17:58:24','samuel.costa@funasa.gov.br',1,''),(50,'COREL DRAW','novo','Verificar a possibilidade da implantação\r\n','A facilidade em editar ou criar com esse software desenhos e artes gráficas, permitindo assim a criação de artes para serem utilizadas no desenvolvimento de eventuais trabalhos desta SUEST-AC, como na divulgação de eventos, na elaboração de folder, banner , cartaz ... Dentre outras atividades (6 usuários).\r\n',1,'Criar ou editar  trabalhos sem perder a qualidade da imagem.\r\n','',5151,'2019-08-05 17:58:41','bruno.graciano@funasa.gov.br',0,'Aquisição de licenças de software'),(51,'SIAFI/SICONV/SIGA','existente','Atualização e implantação','Integração dos Sistemas para que conversem entre si.',1,'Auxiliar nas demandas.','',1853636,'2019-08-05 18:00:57','samuel.costa@funasa.gov.br',1,''),(52,'SICONV','existente','ajustar o Sistema de modo que seja desparado nos e-mails cadastrados, quando houver a inserção de documentos na aba \"Projeto Básico/Termo de Referencia\" e \"anexos\" do plano de trabalho.\r\n','Eficiência no acompanhamento dos convênios, de modo que não haja atrasos no acompanhamento. (12 usuários)\r\n',1,'Eficiência no acompanhamento dos convênios\r\n','',5151,'2019-08-05 18:00:59','bruno.graciano@funasa.gov.br',0,'Sistema proprietário do Governo Federal'),(53,'SIGA','existente','ajustar o Sitema de modo a permitir definir os analistas de convênios, selecionando vários convênios ao mesmo tempo.\r\nAjustar o Sitema, no intuito de quando formos retornar um convênio para reánálise, o convênio consiga ser selecionado também através do número do Convênio e não somente pelo código do plano, no qual é feito atualmente. \r\n','Agilidade na definição de analistas, evitando ter que definir de modo individualizado. (12 usuários)\r\nAgilidade no retorno do projeto para reanálise (12 usuários).\r\n',1,'Melhorar a agilidade do processo\r\n','',5151,'2019-08-05 18:05:20','bruno.graciano@funasa.gov.br',1,''),(54,'SICONV','existente','Divergência entre as etapas do processo que estão para acesso público e informação real. ','Eficiência no acompanhamento dos convênios, de modo que não haja atrasos no acompanhamento.',1,'Eficiência no acompanhamento dos convênios','',1853636,'2019-08-05 18:06:35','samuel.costa@funasa.gov.br',0,'Sistema proprietário do Governo Federal'),(55,'BI','existente','considerar os relatórios  R4 do SIGA, para contabilizar a emissão dos últimos relatórios da Funasa.\r\n','Melhorias no acompanhamento dos relatórios emitidos e buscar cenários mais atualizados, com relação as emissões dos relatórios. (usuários 12).\r\n',1,'constar nenhum empreendimento com relatório emitido a períodos maiores que 06 meses. \r\n','',5151,'2019-08-05 18:06:42','bruno.graciano@funasa.gov.br',0,'BI'),(56,'PDF-ELEMENT','novo','Verificar a possibilidade da implantação\r\n','Melhorias na agilidade  quanto a digitalização e intrução procesual. (Usuários 29).\r\n',1,'Melhorar a agilidade na intrução processual\r\n','',5151,'2019-08-05 18:07:37','bruno.graciano@funasa.gov.br',0,'Aquisição de licenças de software'),(57,'PDF-ELEMENT','novo','Verificar a possibilidade da implantação','Melhorias na agilidade  quanto a digitalização e instrução processual. (Usuários 29).',1,'Melhorar a agilidade na instrução processual','',1853636,'2019-08-05 18:09:18','samuel.costa@funasa.gov.br',0,'Aquisição de licenças de software'),(58,'Sistema de Gestão de Contratos ','novo','Verificar a possibilidade de aquisição ou desenvolvimento e implantação.\r\n','Controle e agilidade nas atividades da Gestão de Contratos, redução no tempo e na efetivação de pagamentos, repactuação/reajustes aos fornecedores dentres outros.\r\n',1,'Agiligizar e facilitar os tramites na Suest.\r\n','',5151,'2019-08-05 18:09:38','bruno.graciano@funasa.gov.br',1,''),(59,'Sistema de Gestão de Contratos','novo','Verificar a possibilidade de aquisição ou desenvolvimento e implantação.','Controle e agilidade nas atividades da Gestão de Contratos, redução no tempo e na efetivação de pagamentos, repactuação/reajustes aos fornecedores dentre outros.',1,'Agiligizar e facilitar os tramites na Suest.','',1853636,'2019-08-05 18:11:25','samuel.costa@funasa.gov.br',1,''),(60,'Sistema de Monitoramento de Convênios','novo','Monitorar Status de Convênio','Otimizar o tempo de resposta ao usuário finalístico com informações corretas e precisas. ',1,'Otimizar o tempo de resposta ao usuário finalístico com informações corretas e precisas. ','',1853636,'2019-08-05 18:15:00','samuel.costa@funasa.gov.br',1,''),(61,'SIGA','existente','Usuário não confia nas informações constantes no SIGA. Supõe-se que devido a integração de muitos bancos de dados de diferentes sistemas ao longo dos anos.','Garantia da disponibilidade e integridade das informações constantes no SIGA',1,'Implementar atualizações que garantam a integridade das informações. ','',1853636,'2019-08-05 18:16:08','samuel.costa@funasa.gov.br',1,''),(62,'SEI','existente','Muitos despachos e processos ficam presentes na tela do usuário. Criação de novos processos que otimizem a visualização de processos somente aos setores envolvidos','Eficiência no tempo de resposta aos processos.',1,'Aprimorar a analise de processos em tramitação nos setores.','',1853636,'2019-08-05 18:19:07','samuel.costa@funasa.gov.br',0,'Elaboração de normas e procedimentos para o uso do sistema'),(63,'RFID (Identificação por Radiofrequência)','novo','Aquisição pela Funasa/Presi; Readaptação do Sistema de TI da Suest-AM que está totalmente obsoleto.\r\n','Mais agilidade nos processos de logística interna; 1-A logística interna requer um funcionamento orquestrado entre os processos de recebimento, estocagem, controle e distribuição; 2-A tecnologia RFID oferece a segurança necessária e a rastreabilidade para evitar perdas, retrabalhos, desvios, desperdícios e furto; 3-As etiquetas RFID reduzem drasticamente o tempo de checagem do recebimento de bens do centro de distribuição; 4-É possível conferir os itens, dar entrada no estoque e ainda colocar os produtos à disposição da Suest/AM no mesmo dia, otimizando a logística interna.\r\n',1,'As aplicações da RFID não se restringem à identificação, locação e controle de produtos para otimizar a gestão de estoque. A etiqueta inibe a falsificação de produtos, garantindo a qualidade do produto que chega às Unidades Administrativas. A tecnologia RFID garante um melhor serviço para a Suest-AM, precisão de praticamente 100% no controle do estoque e um aumento da produtividade devido ao corte de desperdícios e furtos.\r\n','RFID é um sistema simples, descomplicado e eficiente e que na verdade teve sua base criada em plena Segunda Guerra Mundial.\r\n',0,'2019-08-05 18:20:28','bruno.graciano@funasa.gov.br',0,'Implantação do SIADS'),(64,'SEI','existente','Permitir acesso externo para municípios protocolar documentação','Melhorar o acesso às informações devido às limitações de tamanho de documentos encaminhados via e-mail e a permissão somente para o uso do onedrive.',1,'Permitir que as próprias prefeituras insiram os documentos, já que os armazenamentos de nuvem mais comuns para disponibilização de arquivos são bloqueados pela rede, além da não permissão de salvar arquivos .zip nas pastas de rede, somente na área de trabalho, o que dificulta e causa morosidade no processo de protocolo.','',1853636,'2019-08-05 18:20:30','samuel.costa@funasa.gov.br',0,'Elaboração de normas e procedimentos para o uso do sistema'),(65,'SIGA/SICONV','existente','Possuir as bases integradas.','Possibilitar que os diferentes processos interajam entre si e possuam as mesmas informações',1,'Eficiência na prestação de serviço.','',1853636,'2019-08-05 18:21:32','samuel.costa@funasa.gov.br',1,''),(66,'PDF ELEMENT','novo','Compra do software pela FUNASA Presidência\r\n','\"Agilidade na separação das peças \r\ndos processos de TCE e cobrança\r\nadministrativas a serem instauradas na SUEST/AM, com um numero de aproximadamente 15 servidores.\"\r\n',1,'Mais rapidez (eficácia e eficiência) na conclusão dos trabalhos.\r\n','Importacia para melhoria da qualidade dos trabalhos desenvolvidos pela SUEST/AM. \r\n',0,'2019-08-05 18:21:36','bruno.graciano@funasa.gov.br',0,'Aquisição de licenças de software'),(67,'SIGA','existente','','Melhoria na análise, aprovação e acompanhamento de convênios (10 usuários).\r\n',1,'Auxílio na análise, aprovação e acompanhamento de convênios.\r\n','',0,'2019-08-05 18:23:24','bruno.graciano@funasa.gov.br',1,''),(68,'CIVIL 3D','existente','','Agilidade no desenvolvimento e acompanhamento de projetos de infra-estrutura (2 usuários)\r\n',1,'Auxílio no desenvolvimento e acompanhamento de projetos.\r\n','Software já disponível na SUEST/AM.\r\n',0,'2019-08-05 18:24:54','bruno.graciano@funasa.gov.br',0,'Aquisição de licenças de software'),(69,'AUTOCAD','existente','','Facilidade no desenvolvimento e acompanhamento de projetos e desenho em geral (3 usuários).\r\n',1,'Auxílio no desenvolvimento e acompanhamento de projetos.\r\n','Software já disponível na SUEST/AM.\r\n',0,'2019-08-05 18:26:19','bruno.graciano@funasa.gov.br',0,'Aquisição de licenças de software'),(70,'REVIT','existente','','Facilidade no desenvolvimento e acompanhamento de projetos de arquitetura (3 usuários).\r\n',1,'Auxílio no desenvolvimento e acompanhamento de projetos de arquitetura.\r\n','Software já disponível na SUEST/AM.\r\n',0,'2019-08-05 18:27:38','bruno.graciano@funasa.gov.br',0,'Aquisição de licenças de software'),(71,'COREL DRAW','novo','Nova demanda\r\n','Elaboração de desenhos e arte gráficas (2 usuários)\r\n',1,'Suprir a demanda na elaboração de desenhos e artes gráficas referentes às atividades da instituição.\r\n','',0,'2019-08-05 18:29:26','bruno.graciano@funasa.gov.br',0,'Aquisição de licenças de software'),(72,'Sistema que ajude no controle de orçamento de obras','novo','Verificar a possibilidade da implantação.','Integrar todas as etapas do gerenciamento de um empreendimento',1,'Relatório Diário de Obras, armazenamento de arquivos na nuvem e cronograma de atividades.','',0,'2019-08-05 18:29:44','samuel.costa@funasa.gov.br',1,''),(73,'Sistema de controle de ponto','novo','Verificar a possibilidade da implantação.','Controle de Frequência com Biometria',1,'Para agilizar e controlar o acesso ao ponto eletrônico','',0,'2019-08-05 18:31:41','samuel.costa@funasa.gov.br',1,''),(74,'Software, GIS, SIG(Sistema de Informação Geográfica)','novo','Nova demanda\r\n','Ampliar a precisão das informações dos projetos (5 usuários)\r\n',1,'Melhorar a informação geográfica dos projetos (5 usuários)\r\n','',0,'2019-08-05 18:34:18','bruno.graciano@funasa.gov.br',0,'Aquisição de licenças de software'),(75,'SKETCHUP','novo','Nova demanda\r\n','Elaboração de desenhos e arte gráficas (2 usuários)\r\n',1,'Suprir a demanda na elaboração de desenhose artes gráficas referentes às atividades da instituição.\r\n','',0,'2019-08-05 18:35:26','bruno.graciano@funasa.gov.br',0,'Aquisição de licenças de software'),(76,'ASIWEB','existente','Modulo de Almoxarifado e Patrimônio','Migrar os dados para o SEI',1,'Melhorar o acesso dos usuários.','',0,'2019-08-05 18:36:13','samuel.costa@funasa.gov.br',0,'Implantação do SIADS'),(77,'SICOTWEB','existente','','Continuidade do serviço executado (4 servidores).\r\n',1,'Controle total na manutenção preventiva e corretiva dos veículos\r\n','Continuação do trabalho desenvolvido e o controle total das ações.\r\n',0,'2019-08-05 18:36:33','bruno.graciano@funasa.gov.br',1,''),(78,'SCDWEB','existente','Migrar os dados para o SEI\r\n','-',1,'Melhorar o acesso dos usuários.\r\n','',0,'2019-08-05 18:38:33','samuel.costa@funasa.gov.br',0,'Elaboração de normas e procedimentos para o uso do sistema'),(79,'SEI','existente','','Receber os dados do SCDWEB e ASIWEB',1,'Melhorar o acesso dos usuários.\r\n','',0,'2019-08-05 18:46:19','samuel.costa@funasa.gov.br',0,'Implantação do SIADS'),(80,'SEI','existente','Liberar para o publico externo. Identificar na arvore do processo a área que emitiu ou anexou documento.\r\n','Agilidade na execução de tarefas e facilidades de remessa documentos público externo. Todos os servidores da suest\r\n',1,'Melhorar o processo de trabalho interno e externo\r\n','Melhor controle e acompanhamento das dos processos\r\n',404176,'2019-08-05 18:46:28','bruno.graciano@funasa.gov.br',0,'Elaboração de normas e procedimentos para o uso do sistema'),(82,'Sistema de Controle de Licitação','novo','Verificar a possibilidade da implantação.','Agilidade dos processos licitatórios e administrativos, garantindo eficiência operacional\r\n',1,'Tornar os processos burocráticos mais rápidos e lucrativos, e facilitar o acesso as publicações\r\n','',0,'2019-08-05 18:47:17','samuel.costa@funasa.gov.br',1,''),(83,'SPGO','existente','Retomar seu uso, com melhorias em suas funcionalidades\r\n','Facilitar o controle de orçamento da Suest- GO\r\n',1,'Implementar a melhoria na gestão orçamentária\r\n','',404176,'2019-08-05 18:47:54','bruno.graciano@funasa.gov.br',1,''),(84,'SICOTWEB','existente','Melhorar sua funcionalidade, permitindo a criação de relatórios decisõrios, custoxbenefício na utilizaçao do veículo\r\n','Melhor controle na Gestão da Frota \r\n',1,'Facilitar o controle da gestão veículos e custos dessa gestão.\r\n','',404176,'2019-08-05 18:49:59','bruno.graciano@funasa.gov.br',1,''),(85,'SIADS','novo','Virá para substituir o ASIWEB módulos Patrimônio e Almoxarifado. Agilizar a Implantação, para facilidades no controle dos bens patrimoniais.\r\n','Melhorar o controle dos bens patrimonial\r\n',1,'Maior eficácia no controle dos bens móveis\r\n','',404176,'2019-08-05 18:50:46','bruno.graciano@funasa.gov.br',0,'Implantação do SIADS'),(86,'AFD','novo','Controle da gestão dos assentamentos funcional  digital - Não esta implantado na Suest-GO\r\n','Agilizar o manuseio e busca de dados nos assentados funcionais\r\n',1,'Modernizar processo de trabalho\r\n','',404176,'2019-08-05 18:54:02','bruno.graciano@funasa.gov.br',0,'Elaboração de normas e procedimentos para o uso do sistema'),(87,'SICONV','existente','ajustar o Sitema de modo que seja disparado nos e-mails cadastrados, quando houver a inserção de documentos na aba \"Projeto Básico/Termo de Referencia\" e \"anexos\" do plano de trabalho.\r\n','Eficiência no acompanhamento dos convênios, de modo que não haja atrasos no acompanhamento. (21 usuários)\r\n',1,'Eficiência no acompanhamento dos convênios\r\n','',404176,'2019-08-05 18:54:59','bruno.graciano@funasa.gov.br',0,'Sistema proprietário do Governo Federal'),(88,'SIGA','existente','ajustar o Sitema de modo a permitir definir os analistas de convênios, selecionando vários convênios ao mesmo tempo.\r\nAjustar o Sitema, no intuito de quando formos retornar um convênio para reánálise, o convênio consiga ser selecionado também através do número do Convênio e não somente pelo código do plano, no qual é feito atualmente. \r\n','Agilidade na definição de analistas, evitando ter que definir de modo individualizado. (4 usuários)\r\nAgilidade no retorno do projeto para reanálise (21 usuários).\r\n',1,'Melhorar a agilidade do processo\r\n','',404176,'2019-08-05 18:55:48','bruno.graciano@funasa.gov.br',1,''),(89,'SIGA','existente','Inserir módulo para acompanhamento da prestação de contas e TCE\r\n','Agilidade e informações gerenciais no acopanhamento dos convênios\r\n',1,'Melhorar a agilidade do processo\r\n','',404176,'2019-08-05 18:56:37','bruno.graciano@funasa.gov.br',1,''),(90,'BI','existente','Considerar os relatórios  R4 do SIGA, para contabilizar a emissão dos últimos relatórios da Funasa com mudança no \"Status\" de obra.\r\n','Melhorias no acompanhamento dos relatórios emitidos e buscar cenários mais atualizados, com relação as emissões dos relatórios. (usuários 14).\r\n',1,'constar nenhum empreendimento com relatório emitido a períodos maiores que 06 meses. \r\n','',404176,'2019-08-05 18:57:18','bruno.graciano@funasa.gov.br',0,'BI'),(91,'PDF-ELEMENT','novo','Verificar a possibilidade da implantação\r\n','Melhorias na agilidade  quanto a digitalização e intrução procesual. (Usuários 06).\r\n',1,'Melhorar a agilidade na intrução processual\r\n','',404176,'2019-08-05 18:58:00','bruno.graciano@funasa.gov.br',0,'Aquisição de licenças de software'),(93,'Sistema de gerenciamento do Salta-Z','novo','permitir aos municípios manifestarem interesse na instalação do Salta-Z através do cadastramento das comunidades a serem contempladas;\r\n','Atualmente a seleção das comunidades a serem beneficiadas está sendo com base em levantamentos realizados pela equipe do Sesam. Para maior compromisso do município nesse processo, é importante que o gestor municipal manifeste interesse, resultando no envolvimento e compromisso na implantação do Salta-Z\r\n',1,'permitir o gerenciamento das ações para instalação, acompanhamento dos resultados e avaliações posteriores à implantação do Salta-Z\r\n','',480550,'2019-08-05 19:05:25','bruno.graciano@funasa.gov.br',1,''),(94,'SIGA','existente','criar um módulo específico para os convênios de educação e saúde, cuja execução e acompanhamento são diferentes dos convênios de engenharia\r\n','procedimentos adequados às atividades de acompanhamento dos processoas do Sesam \r\n',1,'A forma de execução dos convênios do Desam são diferentes dos convênios do Dens. Muitos não posuem execução de obras, mas ações de educação em saúde, mobilização, cujas terminologias e formas de acompanhamento são diferentes de obras.\r\n','',480550,'2019-08-05 19:05:59','bruno.graciano@funasa.gov.br',1,''),(95,'SIGA/BI','existente','','Falta visibilidade no processo de coleta. Atraso de entrega de projeto\r\n',1,'Melhorar e agilizar o pro\r\n','',0,'2019-08-05 19:06:08','samuel.costa@funasa.gov.br',1,''),(96,'SIGA','existente','uso de dispositivos móveis para coleta dos dados\r\n','agilidade e segurança na coleta dos dados, reduzindo a necessidade de uso de vários equipamentos, como GPS, máquina fotográfica e computadores. O engenheiro não precisa retornar e redigir relatórios técnicos e fotográficos para seren anexados no sistema, otimizando o tempo para iniciar acompanhamento de novos convênios\r\n',1,'Gerar relatórios técnicos e fotográficos e alimentar o sistema automaticamente otimizando o tempo dos técnicos para inciarem novas atividades\r\n','',480550,'2019-08-05 19:06:26','bruno.graciano@funasa.gov.br',1,''),(97,'Registros de ações desenvolvidas nas comunidades especiais','novo','Verificar a possibilidade da implantação.\r\n','Para controlar a implantação e os registros realizados nas comunidades\r\n',1,'Para agilizar o acesso e o controle do sistema.\r\n','',0,'2019-08-05 19:07:19','samuel.costa@funasa.gov.br',1,''),(98,'Aplicativos para dispositivos móveis para coleta de dados em campo.','novo','Verificar a possibilidade da implantação.\r\n','Modernizar todo o fluxo de trabalho, ajudando todos a conseguirem realizar mais tarefas, poupando dor de cabeça no registro de novos dados\r\n',1,'Os dados coletados são enviados para o escritório central instantaneamente, eliminando o tempo de espera decorrido entre o deslocamento do servidor da área de coleta até a instituição com os formulários em papel para o processamento\r\n','',0,'2019-08-05 19:08:14','samuel.costa@funasa.gov.br',1,''),(99,'SIGA','existente','','Melhoria na análise, aprovação e acompanhamento de convênios (13 usuários).\r\n',1,'Auxílio na análise, aprovação e acompanhamento de convênios.\r\n','Além de melhorias nas funções, necessita melhorias para estabilizar as funções que já estão disponíveis.\r\n',1785834,'2019-08-05 19:08:49','bruno.graciano@funasa.gov.br',1,''),(100,'SIREF','existente','Apesar de não ser uma nova demanda, precisa entrar em funcionamento.\r\n','AGILIZAR E CONTROLAR O ACESSO AO PONTO ELETRONICO (36 usuários)\r\n',1,'Controle de Frequência\r\n','Importante ter um sistema para controle eletrônico de frequência, ainda que não o SIREF.\r\n',1785834,'2019-08-05 19:09:34','bruno.graciano@funasa.gov.br',1,''),(101,'SICAVI','existente','MELHORAR FUNCIONALIDADE\r\n','MELHOR CONTROLE DOS VISITANTES (36 usuários)\r\n',1,'Maior controle e arquivo das informações\r\n','Sistema inoperante por falhas/inconsistências no cadastramento e nas pesquisas posteriores\r\n',1785834,'2019-08-05 19:10:17','bruno.graciano@funasa.gov.br',1,''),(102,'Aplicativos para controle das atividades de laboratório.','novo','verificar a possibilidade da implantação.\r\n','Sistemas será utilizados para atender às necessidades de ampla e melhor avaliação do laboratório\r\n',1,'Com a qualidade melhorada, os desperdícios podem ser evitados, reduzindo-se os custos e aumentando-se a produtividade.\r\n','',0,'2019-08-05 19:10:23','samuel.costa@funasa.gov.br',1,''),(103,'COREL DRAW','novo','Verificar a possibilidade da Implantação\r\n','A facilidade em editar ou criar com esse software também reflete na praticidade de instalação e importação de produtos criados.\r\n',1,'Criar desde pequenos trabalhos a maiores, com grande quantidade de páginas, para textos e imagens, que não perdem a qualidade\r\n','',0,'2019-08-05 19:11:18','samuel.costa@funasa.gov.br',0,'Aquisição de licenças de software'),(104,'SEI','existente','GERENCIAR LIBERAÇÃO PARA ASSINATURA EXTERNA, REDUZIR TAMANHO DOS ARQUIVOS e IDENTIFICAR NA ÁRVORE DO PROCESSO A ÁREA RESPONSÁVEL PELO DOCUMENTO. \r\n','Facilitar o trabalho de todos usuários\r\n',1,'CELERIDADE NO ANDAMENTO DOS PROCESSOS E NO DOWNLOAD DE DOCUMENTOS\r\n','UM MELHOR CONTROLE E UNIFORMIZAÇÃO NO USO DAS FERRAMENTAS DISPONIBILIZADAS NO SEI\r\n',1785834,'2019-08-05 19:11:39','bruno.graciano@funasa.gov.br',0,'Elaboração de normas e procedimentos para o uso do sistema'),(105,'ASIWEB','existente','MÓDULO ALMOXARIFADO E PATRIMONIO\r\n','',1,'MELHORAR O ACESSO DOS USUÁRIOS\r\n','',1785834,'2019-08-05 19:15:16','bruno.graciano@funasa.gov.br',0,'Implantação do SIADS'),(106,'Integração de Sistemas através do compartilhamento de Bases de dados ','novo','Inúmeras informações são lançadas em diferentes sistemas, sendo que as informações são as mesmas. Exemplo: Número do Documento, Número de processo e outros. Uma integração entre sistemas diminuira o tempo alocado do servidor em suas funções. \r\n','Otimização da força de trabalho que atualmente é precaria. Reduz do tempo de atendimento aos conveniados. Redução do indice de erros de lançamentos devido ao alto número de sistemas a serem alimentados\r\n',1,'Otimização da força de trabalho que atualmente é precária. Reduz do tempo de atendimento aos conveniados. Redução do índice de erros de lançamentos devido ao alto número de sistemas a serem alimentados\r\n','',0,'2019-08-05 19:23:55','samuel.costa@funasa.gov.br',1,''),(107,'Alteração no Editor de Texto do SEI','existente','','Otimização do processo de trabalho, o atual editor não atende as necessidades do usuário\r\n',1,'Otimizar a elaboração de documentos eletronicos dentro do sistema. Hoje os documentos são redigidos em editores de texto convencionais e colados dentro do SEI\r\n','',0,'2019-08-05 19:28:47','samuel.costa@funasa.gov.br',0,'Sistema proprietário do Governo Federal'),(108,'Novos modelos de Documentos no SEI','existente','','Melhora no processo de criação de documentos. Melhora na apresentação de documentos públicos. \r\n',1,'Padronizar os documentos na administração pública\r\n','',0,'2019-08-05 19:30:02','samuel.costa@funasa.gov.br',0,'Elaboração de normas e procedimentos para o uso do sistema'),(109,'Sistema de Controle de Vigência de Convênios','novo','Possibilitar o monitoramento de convênios e suas etapas junto aos convenentes. Possuir alertas de notificação ao convenente e conveniado, estabelecendo periodicidade de alertas para cada evento. \r\n','Monitorar de forma adequada e eficiente os convênios existentes. \r\n',1,'','',0,'2019-08-05 19:32:21','samuel.costa@funasa.gov.br',1,''),(110,'Criar Filtro de Convênios por Estado, Servidor','novo','Possibilitar a criação de filtro nas notificações dos SICONV, pois atualmente o sistema emite múltiplas notificações de todo Brasil para um mesmo usuário.\r\n','Melhorar a eficiência das atividades do servidor. \r\n',1,' A função devera possibilitar que apenas os convênios correlatos à aquele Estado ou servidor receba a notificação\r\n','',0,'2019-08-05 19:33:57','samuel.costa@funasa.gov.br',0,'Sistema proprietário do Governo Federal'),(111,'Sistema de monitoramento para indicadores vinculados a diversas bases de dados','novo','Quando um convenio é realizado com o conveniente, ou seja, a FUNASA financia um projeto bom base em uma justificativa apresentada. Exemplo: Diminuir o índice de mortalidade em uma população de 10 mil habitantes. \r\n','Mostrar de forma transparente a atuação da Funasa na melhora da qualidade de vida do cidadão\r\n',1,'Possibilitar a medição de resultados alcançados pela FUNASA através de seus convênios na vida do cidadão \r\n','',0,'2019-08-05 19:39:36','samuel.costa@funasa.gov.br',0,'BI'),(112,'SIGA','novo','Função para check list no SIGA, de documentação necessária para acompanhamento e aprovação por parte dos técnicos e demais setores, quando um convenio esta em fase avançada, podemos observar que existe pendencias que deveriam ter sido sanadas em fase anterior, como por exemplo, a existência de pendencia na aprovação do projeto básico e o processo já esta para ser feito o aceite da licitação. \r\n','Garantir o cumprimento da legislação vigente\r\n',1,'Garantir o cumprimento da legislação vigente\r\n','',0,'2019-08-05 19:44:49','samuel.costa@funasa.gov.br',1,''),(113,'SIGA','novo','Criar quantificadores de impactos dentro do SIGA, com base as informações dos convenientes, Criação de tela onde seja possível a inserção de dados qualitativos e quantitativos (população atendida com ações da Funasa)\r\n','Transparência para o público externo e melhor avaliação dos alcances da FUNASA.\r\n',1,'Melhor avaliação dos efeitos das ações da FUNASA ao seu publico fim. \r\n','',0,'2019-08-05 19:46:20','samuel.costa@funasa.gov.br',1,''),(114,'Criar alertas sobre a fase de fiscalização dos Convênios','novo','Criar alerta para os fiscais sobre a fase que o convenios se encontra em sua execução para cumprimento da legislação (Portaria 424)\r\n','Garantir o cumprimento da legislação vigente e melhor acompanhamento das obras\r\n',1,'Melhorar o acompanhamento das obras em execução.\r\n','',0,'2019-08-05 19:47:25','samuel.costa@funasa.gov.br',1,''),(115,'Sistema de regras de aposentadoria, proventos, aboco permanência, certidões e relatórios','existente','Sistema de apuração das Regras de Aposentadorias, cálculos dos proventos, concessão abono permanência, emissão de certidões e relatórios, AQUISIÇÃO DO SOFTWARE\r\n','AUTOMAÇÃO DE PROCESSOS, REDUÇÃO DE CUSTOS, AUMENTO DA PRODUTIVIDADE. CONSOLIDAÇÃO DO RH COMO DEPARTAMENTO ESTRATÉGICO DA FUNASA. APROXIMADAMENTE 1500 SERVIDORES BENEFICIADOS, APENAS NA SUEST/PR, PODENDO SE ESTENDER A TODAS AS SUPERINTENDÊNCIAS E PRESIDÊNCIA.\r\n',1,'Apuração das Regras de Aposentadorias, Cálculos Proventos pela Média Aritmética, Concessão Abono Permanência, Emissão de Certidão de Tempo de Contribuição, Salários de Contribuição e Geração de Relatórios\r\n','ATUALMENTE ESSE TIPO DE SOFTWARE É COMERCIALIZADO PELA EMPRESA INOVA10.COM E SE CHAMA SIMULE RH.  APRIMORAR  A LEITURA DE DADOS DO SIAPE, SIAPE E SIGEPE. SOLICITA A INTEGRAÇÃO ENTRE OS SISTEMAS.  \r\n',0,'2019-08-05 20:15:09','samuel.costa@funasa.gov.br',1,''),(116,'Dividir, mesclar, reordenar, marcar, editar, compartilhar  e assinar arquivos PDF no Windows','existente','NECESSITA ASSINATURA MENSAL/ANUAL\r\n','AUTOMAÇÃO DE PROCESSOS, REDUÇÃO DE CUSTOS, AUMENTO DA PRODUTIVIDADE. APROXIMADAMENTE 1500 SERVIDORES BENEFICIADOS, APENAS NA SUEST/PR\r\n',1,'Criação, edição, divisão, mesclagem, compartilhamento e assinatura de documentos, notadamente dos documentos funcionais que precisam ser incluídos no AFD - Assentamento Funcional Digital\r\n','ATUALMENTE O ACROBAT PRO DC OFERECE ESSES REQUISITOS. NECESSÁRIO PRA O ASSENTAMENTO FUNCIONAL DIGITAL . NECESSIDADE DE ARQUIVO OCR. Seguir padronização do assentamento funcional digital do servidor disponivel: em servidor.gov.br, PORTARIA NORMATIVA/SGP N DE  DE AGOSTO DE \r\n',0,'2019-08-05 20:15:58','samuel.costa@funasa.gov.br',0,'Aquisição de licenças de software'),(117,'SISTEMA SEI','existente','INCLUIR A POSSIBILIDADE DE DIRECIONAR OS PROCESSOS PARA A CHEFIA DO SETOR\r\n','CONFIDENCIALIDADE E SEGURANÇA NA TOMADA DE DECISÕES ESTRATÉGICAS\r\n',1,'PRESERVAR A CONFIDENCIALIDADE E SEGURANÇA DAS INFORMAÇÕES\r\n','HOJE OS PROCESSOS DIRECIONADOS A UMA DETERMINADA UNIDADE, AINDA QUE RESTRITO É VISUALIZADO POR TODOS OS SERVIDORES DAQUELA UNIDADE.\r\n',0,'2019-08-05 20:19:48','samuel.costa@funasa.gov.br',0,'Elaboração de normas e procedimentos para o uso do sistema'),(118,'SIREF','existente','VERIFICAR A NECESSIDADE DA IMPLANTAÇÃO\r\n','CONTROLE DE FREQUENCIA - SISTEMA INOPERANTE\r\n',1,'PARA AGILIZAR E CONTROLAR O ACESSO AO PONTO ELETRÔNICO\r\n','OU UM OUTRO SISTEMA DE CONTROLE DE FREQUÊNCIA\r\n',0,'2019-08-05 20:20:27','bruno.graciano@funasa.gov.br',1,''),(119,'ASIWEB','existente','MÓDULO ALMOXARIFADO E PATRIMÔNIO\r\n','ATÉ A MIGRAÇÃO PARA O SIADS \r\n',1,'MELHORAR O ACESSO DOS USUÁRIOS\r\n','',0,'2019-08-05 20:21:08','bruno.graciano@funasa.gov.br',0,'Implantação do SIADS'),(120,'SCDWEB','existente','LIBERAR A CONSULTA\r\n','UNIFICAÇÃO DOS SISTEMAS (SCDWEB/SEI)\r\n',1,'MELHORAR O ACESSO DOS USUÁRIOS\r\n','DIGITALIZAR TODO O ACERVO DOCUMENTAL  ( ARQUIVO PERMANENTE; INTERMEDIARIO E CIRCULANTE), ASSIM COMO TODOS OS DOCUMENTOS ANTERIOR AO SEI QUE SE ENCONTRA CADASTRATO NO SCDWEB\r\n',0,'2019-08-05 20:21:44','bruno.graciano@funasa.gov.br',0,'Elaboração de normas e procedimentos para o uso do sistema'),(121,'SICOVI','existente','MELHORAR FUNCIONALIDADE\r\n','MELHOR CONTROLE DOS VISITANTES\r\n',1,'MELHORAR O ACESSO DOS VISITANTES\r\n','SISTEMA INOPERANTE NA SUEST-PI. QUE A UTILIZAÇÃO DO SISTEMA PASSE A SER  OBRIGATÓRIO  \r\n',0,'2019-08-05 20:23:10','bruno.graciano@funasa.gov.br',0,'Elaboração de normas e procedimentos para o uso do sistema'),(122,'SIGA','existente',' RAA - RELATÓRIO DE AVALIAÇÃO DE ANDAMENTO. DURANTE A EXECUÇÃO DO CONVENIO, NÃO SÃO ESPECÍFICAS PARA O  CONVENIO DE FOMENTO DE EDUCAÇÃO AS AÇÕES EM SAÚDE AMBIENTAL E DO PMSB - PLANO MUNICIPAL DE SANEAMENTO BÁSICO\r\n','O ATUAL RELATÓRIO CONTÉM QUESTÕES QUE NÃO SÃO PERTINENTES AO SESAM E AO PMSB, CONFUNDINDO NAS RESPOSTAS TANTO DO MUNICÍPIO QUANTO DO SESAM/SADUC.\r\n',1,'MAIS CLAREZA E RAPIDEZ NAS INFORMAÇÕES INSERIDAS\r\n','COM UM RELATÓRIO ESPECÍFICO DENTRO DO SISTEMA SIGA, TERÍAMOS UM RESULTADO MAIS PRECISO NO ACOMPANHAMENTO DA EXECUÇÃO E AVALIAÇÃO NO RESULTADO FINAL. AMPLIAR  O RAA PARA AS QUESTÕES DE SAÚDE AMBIENTAL, USUÁRIO REFERE QUE O SIGA FOI INICIALMENTE MUITO PROJETADO PARA A AREA DE ENGENHARIA, ASSIM CRIOU-SE LIMITAÇÕES SISTEMICAS PARA A AREA DE SAÚDE AMBIENTAL.USUÁRIO RELATA QUE  O FLUXO DO SISTEMA FORA PROJETADO APENAS PARA A AREA DE ENGENHARIA, QUANDO SE TRATA DE CONVÊNIO DO FOMENTO AS AÇÕES DE EDU...',0,'2019-08-05 20:23:39','samuel.costa@funasa.gov.br',1,''),(123,'SEI','existente','GERENCIAR LIBERAÇÃO PARA ASSINATURA EXTERNA E OUTRAS FUNCIONALIDADES\r\n','RECEBER OS DADOS DO SCDWEB E ASIWEB\r\n',1,'MELHORAR O ACESSO DOS USUARIOS INTERNOS E EXTERNOS\r\n','UM MELHOR CONTROLE E UNIFORMIZAÇÃO NO USO DAS FERRAMENTAS DISPONIBILIZADAS NO SEI\r\n',0,'2019-08-05 20:24:02','bruno.graciano@funasa.gov.br',0,'Elaboração de normas e procedimentos para o uso do sistema'),(124,'SISTEMA DE GESTÃO DE CONTRATOS','novo','SISTEMA CAPAZ DE GERENCIAR OS CONTRATOS DAS UNIDADES , CONTENDO NO MINIMO FUNÇÕES PARA CONTROLE DE : PRZO, SALDO CONTRATUAL, ORÇAMENTARIO E FINANCEIRO, PRAZO DE GARANTIA, MEDIÇÕES, PAGAMENTOS, REPACTUAÇÕES E/OU REAJUSTES; INFORMAÇÕES DOS TERCEIRIZADOS; CONTROLE DE APROVISIONAMENTO DE VERBAS TRABALHISTAS PARA A CONTA VINCULADA-BLOQUEADA PARA MOVIMENTAÇÃO.\r\n','UM MELHOR CONTROLE NA GESTÃO DE CONTRATOS ONDE OS ATORES ENVOLVIDOS POSSAM TER ACESSO A TODAS AS FASES DA CONTRATAÇÃO E GESTÃO \r\n',1,'MELHOR CONTROLE NA GESTÃO DE CONTRATOS\r\n','',0,'2019-08-05 20:24:50','bruno.graciano@funasa.gov.br',1,''),(125,'SISTEMA DE GESTÃO DAS LICITAÇÕES','novo','SISTEMA CAPAZ DE GERENCIAR AS CONTRATAÇÕES E LICITAÇÕES DAS UNIDADES CONTENDO NO MINIMO FUNÇÕES PARA CONROLE DE PRAZO DOS TRÂMITES, CONFORMIDADE COM O PLANO ANUAL DE CONTRATAÇÕES, AQUISIÇÕES MOR MEIO DE DISPENSA AFIM DE EVITAR O FRACIONAMENTO DE DESPESAS, EMISSÃO DE RELATÓRIO DAS LICITAÇÕES/CONTRATAÇÕES REALIZADAS, ETC  \r\n','UM MELHOR CONTROLE NO GERENCIAMENTO DAS CONTRATAÇÕES E LICITAÇÕES DAS UNIDADES \r\n',1,'UM MELHOR CONTROLE NO GERENCIAMENTO DAS CONTRATAÇÕES E LICITAÇÕES DAS UNIDADES \r\n','',0,'2019-08-05 20:25:18','bruno.graciano@funasa.gov.br',1,''),(126,'SISTEMA PARA CONTROLE DE CONVENIOS DE PESQUISA CIENTIFICA/ACORDO DE COOPERAÇÃO TÉCNICA','novo','APÓS A APROVAÇÃO DE UM PROJETO CORRELATO A ESTE TEMA , QUANDO DA SUA APROVAÇÃO EM BRASILIA, FAZ SE PERTINENTE O ACOMPANHAMENTO DA EXECUÇÃO DO MESMO PELA SUEST EM QUE O PROJETO ESTA INSERIDO.\r\n','Garantir a fiscalização (acompanhmento) adequado dos ACTs de forma eficiente e transparente. \r\n',1,'Garantir a fiscalização (acompanhamento) adequado dos ACTs de forma eficiente e transparente. \r\n','COMO SUGESTÃO DO USUÁRIO PROPOE-SE QUE SEJA FEITO DO MESMO MODO QUE ACONTECE O ACOMPANHAMENTO DO FOMENTO AS AÇÕES DE EDUCAÇÃO EM SAUDE AMBIENTAL. \r\n',0,'2019-08-05 20:25:33','samuel.costa@funasa.gov.br',1,''),(127,'COREL DRAW','novo','VERIFICAR A POSSIBILIDADE DA IMPLANTAÇÃO \r\n','A FACILIDADE EM EDITAR OU CRIAR COM ESSE SOFTWARE REFLETINDO MELHOR PRATICIDADE DE INSTALAÇÃO E IMPORTAÇÃO DE PRODUTOS CRIADOS\r\n',1,'CRIAR DESDE PEQUENOS TRABALHOS A MAIORES COM GRANDES QUANTIDADES DE PÁGINAS PARA TEXTOS E IMAGENS QUE NÃO PERDEM A QUALIDADE \r\n','',0,'2019-08-05 20:25:52','bruno.graciano@funasa.gov.br',0,'Aquisição de licenças de software'),(128,'SPGO','existente','MELHORAR FUNCIONALIDADE\r\n','MELHOR CONTROLE DO ORÇAMENTO \r\n',1,'MELHOR CONTROLE NA GESTÃO ORÇAMENTARIA\r\n','',0,'2019-08-05 20:26:19','bruno.graciano@funasa.gov.br',1,''),(129,'SICOTWEB','existente','MELHORAR FUNCIONALIDADE\r\n','MELHOR CONTROLE NA GESTÃO DA FORTA OFICIAL \r\n',1,'MELHOR CONTROLE NA GESTÃO DA FORTA OFICIAL \r\n','',0,'2019-08-05 20:26:49','bruno.graciano@funasa.gov.br',1,''),(130,'SIGA/SISTEMA DE CONTROLE DE AÇÕES DO SISTEMA','novo','SIGA/SISTEMA DE CONTROLE DE AÇOES DO SISTEMA DE SOLUÇÃO ALTERNATIVA SIMPLIFICADA COLETIVA DE TRATAMENTO DE ÁGUA. EX: SALTA-Z.\r\nCASO SEJA IMPLEMENTADA É NECESSÁRIO A PUBLICAÇÃO DE PORTARIA QUE REGULE A INCLUSÃO DO SALTA-Z E SEUS PROCESSOS SISTÊMICOS. \r\n','Acompanhar o impacto epidemiológico após a execução do projeto bem como a sustentabilidade do projeto. \r\n',1,'MONITORAMENTO DE IMPACTO DE FORMA TRANSPARENTE\r\n','TODO ESTE PROCESSO ATUALMENTE É FEITO DE FORMA ONEROSA ATRAVÉS DE DOCUMENTOS EM PAPEL. USUÁRIO SUGERE QUE SEJA  CRIADO UM SISTEMA NOS MOLDES E PROCESSOS UTILIZADOS PARA CADASTRO/MONITORAMENTO, ETC.. DOS CONVENIOS DENTRO DO SIGA. \r\n',0,'2019-08-05 20:31:14','samuel.costa@funasa.gov.br',1,''),(131,'SICONV','existente','UMA ABA ONDE MOSTRA O DESENVOLVIMENTO PÓS-EXECUÇÃO DO CONVENIO COM OS ÍNDICES DE SAÚDE\r\n','O MUNICÍPIO APÓS A EXECUÇÃO DO CONVENIO CONTINUARIA A INSERIR INFORMAÇÕES SOBRE O CONTROLE DE INFESTAÇÕES OU SOBRE O CONVÊNIO EM EXECUÇÃO.\r\n',1,'TEM COMO OBJETIVO DE DIAGNOSTICAR EM TEMPO SE O PROJETO FOI POSITIVO EM RELAÇÃO A SUA EXECUÇÃO\r\n','A NOVA ABA DESENHARIA A EVOLUÇÃO DO PROJETO NO ANTES, DURANTE E DEPOIS .\r\n',0,'2019-08-05 20:33:41','samuel.costa@funasa.gov.br',0,'Sistema proprietário do Governo Federal'),(132,'Sistema de Acompanhamento da execução das metas anuais','novo','Sistema de monitoramento das metas sistematizado e informatizado\r\n\r\n\r\n\r\n','Relatórios padronizados; agilidade nas informações do desempenho da instituição; maior possibilidade de correção de rumo em tempo hábil\r\n\r\n\r\n\r\n',1,'Promover o alinhamento estratégico da instituição\r\nMonitorar de forma sistematiza e informatizada a execução das ações programadas no ano\r\nGarantir maior confiablidade das informação\r\nPromover mais rapidez na produção de informações, relatório, gráficos\r\n','',471005,'2019-08-05 20:34:22','bruno.graciano@funasa.gov.br',1,''),(133,'SICONV','existente','Ajustar o Sitema de modo que seja enviado e-mails, quando houver a inserção de documentos na aba \"Projeto Básico/Termo de Referencia\" e \"anexos\" do plano de trabalho, para o analista fiscal do convênio.\r\n','\"Eficiência no acompanhamento dos convênios, de modo que não haja atrasos no acompanhamento. \r\n(usuários em todo pais)\"\r\n',1,'Eficiência no acompanhamento dos convênios','',0,'2019-08-05 20:34:42','samuel.costa@funasa.gov.br',0,'Sistema proprietário do Governo Federal'),(134,'Sistema de Cálculo de Gratificações de Desempenhos','novo','Sistema destinado a apurar valores de diferenças de gratificações (GDASST; GDPST; GDPGPE; GACEN) reclamados em ações judiciais.\r\n','Promover celeridade no atendimento aos comandos judiciais recepcionados mediante Pareceres de Força Executórias.\r\n',0,'Suprir a carência de mão de obra habilitada à construção cálculos em planilhas do MS Excel.\r\n','',471005,'2019-08-05 20:35:10','bruno.graciano@funasa.gov.br',1,''),(135,'SICONV','existente','Ajustar o sistema para que, quando disparado emails via SICONV, seja por estado, pois estamos recebendo do país todo.\r\n','Reduzir o nº de emails recebidos sem necessidade (todos os usuários)\r\n',1,'Eficiência no acompanhamento dos convênios','',0,'2019-08-05 20:35:40','samuel.costa@funasa.gov.br',0,'Sistema proprietário do Governo Federal'),(136,'Sistema de Cálculo para acertos financeiros com vista à concessão de aposentadorias.','novo','Promover apuração de valores a serem inseridos no Sistema de Folha de pagamento quando das concessões de aposentadorias, inclusive relativas às possíveis indenizações de férias e adcionais.\r\n','Promover celeridade nas rotinas que envolvem os procedimentos de concessões de aposentadorias.\r\n',0,'Suprir a carência de mão de obra habilitada à construção cálculos em planilhas do MS Excel.\r\n','',471005,'2019-08-05 20:35:48','bruno.graciano@funasa.gov.br',1,''),(137,'SIGA','existente','Ajustar o Sistema de modo a permitir que sejam inseridas várias fotos ao mesmo tempo ao mesmo tempo.\r\n','Agilidade na execução de Relatórios. (usuários nos pais todo)\r\n',1,'Melhorar a agilidade do processo\r\n','',0,'2019-08-05 20:36:39','samuel.costa@funasa.gov.br',1,''),(138,'SIGA','existente','Ajustar o Sistema, para que na devolução para reanálise, o convênio possa ser selecionado pelo número do Convênio e não somente pelo código do plano.\r\n','Agilidade no retorno do projeto para reanálise. (usuários em todo pais)\r\n',1,'Melhorar a agilidade do processo\r\n','',0,'2019-08-05 20:37:22','samuel.costa@funasa.gov.br',1,''),(139,'SIREF','existente','VERIFICAR A NECESSIDADE DA IMPLANTAÇÃO\r\n','CONTROLE DE FREQUENCIA - SISTEMA INOPERANTE\r\n',1,'PARA AGILIZAR E CONTROLAR O ACESSO AO PONTO ELETRÔNICO\r\n','OU UM OUTRO SISTEMA DE CONTROLE DE FREQUÊNCIA\r\n',0,'2019-08-05 20:38:29','bruno.graciano@funasa.gov.br',1,''),(140,'SEI','existente','GERENCIAR LIBERAÇÃO PARA ASSINATURA EXTERNA E OUTRAS FUNCIONALIDADES. AUMENTAR A CAPACIDADE DE INSERÇÃO DOS ARQUIVOS EXTERNOS, ATUALMENTE TEM 50MB\r\n','MELHOR CELERIDADE DOS TRABALHOS. SERÃO BENEFICIADOS TODOS OS SETORES QUE FAZEM DIGITALIZAÇÃO DOS PROCESSOS FÍSICOS\r\n',1,'MELHORAR O ACESSO DOS USUÁRIOS INTERNOS E EXTERNOS\r\n','UM MELHOR CONTROLE E UNIFORMIZAÇÃO NO USO DAS FERRAMENTAS DISPONIBILIZADAS NO SEI\r\n',0,'2019-08-05 20:39:23','bruno.graciano@funasa.gov.br',0,'Elaboração de normas e procedimentos para o uso do sistema'),(141,'SIGA','existente','Deve ter o Módulo de Prestação de Contas\r\n',' Permita acompanhar quando um convênio ou termo de compromisso, após o término da vigência, estará nesta fase.\r\n',1,'MELHOR ACOMPANHAMENTO\r\n','',0,'2019-08-05 20:39:59','bruno.graciano@funasa.gov.br',1,''),(142,'SIGA','existente','INCLUIR CAMPO PARA VALORES DO USO DO SALDO DE APLICAÇÃO NO ANEXO V\r\n','MELHOR TRANSPARÊNCIA DAS INFORMAÇÕES\r\n',1,'HOJE TEM QUE SER REALIZADO FORA DO SISTEMA ESTA INFORMAÇÃO, EM DOCUMENTO ELABORADO NO MS-WORD\r\n','',1647960,'2019-08-05 20:42:24','bruno.graciano@funasa.gov.br',1,''),(143,'SIGA','existente','MELHORIA E CONFIABILIDADE NAS INFORMAÇÕES\r\n','MAIOR CONFIABILIDADE DAS INFORMAÇÕES\r\n',1,'TEM QUE ACESSAR OUTROS SISTEMAS SEI E PORTAL MAIS BRASIL PARA CONFERIR A INFORMAÇÃO\r\n','',1647960,'2019-08-05 20:43:09','bruno.graciano@funasa.gov.br',1,''),(144,'SEI','existente','PERMITIR ACESSO EXTERNO PARA MUNIÍPIOS PROTOCOLAR DOCUMENTAÇÃO\r\n','MELHORAR O ACESSO ÀS INFORMAÇÕES DEVIDO ÀS LIMITAÇÕES DE TAMANHO DE DOCUMENTOS ENCAMINHADOS VIA E-MAIL E A PERMISSÃO SOMENTE PARA O USO DO ONEDRIVE\r\n',1,'PERMITIR QUE AS PRÓPRIAS PREFEITURAS INSIRAM OS DOCUMENTOS, JÁ QUE OS ARMAZENAMENTOS DE NUVEM MAIS COMUNS PARA DISPONIBILIZAÇÃO DE ARQUIVOS SÃO BLOQUEADOS PELA REDE, ALÉM DA NÃO PERMISSÃO DE SALVAR ARQUIVOS .ZIP NAS PASTAS DE REDE, SOMENTE NA ÁREA DE TRABALHO, O QUE DIFICULTA E CAUSA MOROSIDADE NO PROCESSO DE PROTOCOLO\r\n','',1647960,'2019-08-05 20:44:10','bruno.graciano@funasa.gov.br',0,'Elaboração de normas e procedimentos para o uso do sistema'),(145,'AUTOCAD','existente','Atualização de Versão\r\n','Melhoria do desenvolvimento das atividades de  desenvolvidas pela DIESP, DIADM/SALOG/SOPAM. Serão beneficiados a SUEST/SE eos Municipios conveniados (correspondendo a 48 municipios) \r\n',1,'MELHORIAS TECNICAS\r\n','O ATENDIMENTO A NOVA VERSÃO DO SITSTEMA ATENDERÁ A DEMANDA TÉCNICA DA SUEST/SE.\r\n',469763,'2019-08-05 20:46:39','bruno.graciano@funasa.gov.br',0,'Aquisição de licenças de software'),(146,'AFD','existente','O SETOR NÃO INFORMOU DEVIDO A SUA NÃO UTILIZAÇÃO , TENDO EM VISTA O SISTEMA AINDA NÃO TER SIDO INSTALADO NESTA SUEST/SE\r\n','O SISTEMA NÃO ESTÁ EM FUNCIONAMENTO, NESTA SUEST/SE\r\n',1,'O SISTEMA AINDA NÃO FOI INSTALADO\r\n','OS SERVIDORES DESTA SUEST/SE AINDA NÃO UTILIZAM ESSE SISTEMA\r\n',469763,'2019-08-05 20:47:15','bruno.graciano@funasa.gov.br',0,'Elaboração de normas e procedimentos para o uso do sistema'),(147,'SCDWEB','existente','LIBERAR A FUNÇAO IDENTIFICAÇÃO DO ARQUIVO NO SCDWEB\r\n','LOCALIZAÇÃO DOS PROCESSOS FISICOS ARQUIVADOS\r\n',1,'ATIVAÇÃO DO MODULO MOVIMENTO DO SISTEMA\r\n','O SISTEMA FOI DESATIVADO PARA PROTOCOLO E FICOU SEM ATUALIZAÇÃO PARA ATENDER AS DEMANDAS DO SEI.\r\n',469763,'2019-08-05 20:47:55','bruno.graciano@funasa.gov.br',0,'Elaboração de normas e procedimentos para o uso do sistema'),(148,'SEI','existente','DAR VISIBILIDADE NA ARVORE DO SISTEMA O SEGMENTO EMITENTE\r\n','MELHOR IDENTIFICAÇÃO DO SEGMENTO EMITENTE\r\n',1,'VISUALIZAÇÃO\r\n','QUE SEJA APRESENTADA NA ARVORE DOS DOCUMENTOS CADASTRADOS DO SISTEMA, O SETOR QUE EMITIU\r\n',469763,'2019-08-05 20:48:28','bruno.graciano@funasa.gov.br',0,'Elaboração de normas e procedimentos para o uso do sistema'),(149,'SEI','existente','Ajustar sistema para que se possa abrir, visualizar e trabalhar com várias janelas na internet sem que as anteriores caiam.\r\n','Maior agilidade nas análise, sem perdas de tempo na digitação de números de processos para se abrir novas janelas\r\n',1,'Melhorar a agilidade nas análises sem a descontinuidade dos processos anteriores. \r\n','',467895,'2019-08-05 20:49:30','bruno.graciano@funasa.gov.br',0,'Sistema proprietário do Governo Federal'),(150,'BI','existente','Considerar os relatórios  R4 do SIGA, para contabilizar a emissão dos últimos relatórios do SIGA.\r\n','Melhorias na atualização da conclusão dos Convênios\r\n',1,'extrair relatórios do BI para controle de  convênios concluídos\r\n','Um dos indicadores do BI, baseia-se na emissão dos relatórios atualmente o relatório do tipo R 4, não é considerado para fins de cumprimento deste indicador. Usuário solicita a incorporação deste relatório para fins de composição do indicador. \r\n',0,'2019-08-05 20:49:30','samuel.costa@funasa.gov.br',0,'BI'),(151,'COREL DRAW','novo','Verificar a possibilidade da implantação\r\n','Facilitar a elaboração de mapas para melhor visualização das atividades. (6 usuários)\r\n',1,'Criar ou editar  trabalhos sem perder a qualidade da imagem.\r\n','',0,'2019-08-05 20:50:23','samuel.costa@funasa.gov.br',0,'Aquisição de licenças de software'),(152,'AUTO CAD','existente','','Facilidade no desenvolvimento e acompanhamento de projetos e desenhos em geral (2 usuários).\r\n',1,'Auxílio no desenvolvimento e análise  de projetos.\r\n','Software já disponível na DIESP\r\n',0,'2019-08-05 20:51:31','samuel.costa@funasa.gov.br',0,'Aquisição de licenças de software'),(153,'SEI','existente','Acrescentar, de forma vísivel na árvore dos documentos incluídos/gerados em um processo no SEI, a informação SETOR e ESTADO da SUEST  responsável pela criação documento.\r\n','\"Facilidade e agilidade na localização de um documento pertinente à SUEST e visualização dos itens, em todos os processos. \r\n(Todos os usuários do SEI.)\"\r\n',1,'Acrescentar a informação no momento em que o documento é gerado.\r\n','',0,'2019-08-05 20:53:09','samuel.costa@funasa.gov.br',0,'Elaboração de normas e procedimentos para o uso do sistema'),(154,'SEI','existente','Liberação para assinatura externa.\r\n','Desburocratização, facilidade de acesso a documentos às partes interessadas, redução de gastos com papel.\r\n',1,' Reduzir a necessidade de imprimir ofícios, vias de contratos e aditivos para empresas e demais órgãos com os quais a FUNASA mantém vínculo.\r\n','',0,'2019-08-05 20:54:59','samuel.costa@funasa.gov.br',0,'Elaboração de normas e procedimentos para o uso do sistema'),(155,'SISTEMA DE GESTÃO DE CONTRATOS','novo','Implantação de um sistema que permita gerenciar as contratações da Superintendência\r\n','Otimizar os processos e atividades relacionados à gestão dos contratos da SUEST.\r\n',1,'Sistema que contemple funções que permitam gerenciar prazo de vigência, saldos contratual., prazos e vigências garantias contratuais, Medições, Ordens de Serviço, Pagamentos (controle orçamentário e financeiro), Repactuações, reajustes; Informações de terceirizados; Controle de aprovisionamento de verbas trabalhistas para depósito em conta vinculada etc.\r\n','',0,'2019-08-05 20:55:34','samuel.costa@funasa.gov.br',1,''),(157,'Sistema de Prestação de Contas para o PAC','novo','Criar estrutura que permita a prestação de contas dentro do SIGA para TCPAC\r\n','Eficiência e transparência dos convênios TC/PAC aos moldes do SINCOV\r\n',1,'Eficiência e transparência a todos os processo correlatos ao TCPAC\r\n','',0,'2019-08-05 20:57:18','samuel.costa@funasa.gov.br',1,''),(158,'Sistema de Indicadores','novo','Permitir a correta medição dos  impactos produzidos pelas ações da FUNASA na sociedade.\r\n','Dar transparência aos resultados produzidos pela  FUNASA\r\n',1,'Promover a correta medição e avaliação dos serviços. \r\n','',0,'2019-08-05 20:57:58','samuel.costa@funasa.gov.br',0,'BI'),(160,'Sistema de Gestão de Contratos','novo','Sistema para gerenciar contratos, que deverá conter no mínimo, funções para controle de prazo, controle orçamentário e financeiro, garantias, medições, pagamento, repactuação/reajustes, relatórios fiscais, cadastro dos terceiridos, aprovisionamento de verbas trabalhistas para conta vinculada, etc','Maior controle na gestão dos contratos',1,'Agilidade e controle na gestão dos contratos','',404176,'2019-08-05 21:13:15','samuel.costa@funasa.gov.br',1,''),(161,'Integração de bases de dados /SIGA/SICONV','novo','Permitir a integração entre sistemas otimizando o trabalho dos servidores do quadro.','Eficiência na prestação de serviços públicos',1,'Eficiência na prestação de serviços públicos','',0,'2019-08-05 21:17:15','samuel.costa@funasa.gov.br',1,'');
/*!40000 ALTER TABLE `demandas` ENABLE KEYS */;
UNLOCK TABLES;

--
-- Table structure for table `demunid`
--

DROP TABLE IF EXISTS `demunid`;
/*!40101 SET @saved_cs_client     = @@character_set_client */;
/*!40101 SET character_set_client = utf8 */;
CREATE TABLE `demunid` (
  `fk_demandas` int(11) DEFAULT NULL,
  `fk_Unidades` int(11) DEFAULT NULL,
  KEY `fk_demandas` (`fk_demandas`),
  KEY `fk_Unidades` (`fk_Unidades`)
) ENGINE=InnoDB DEFAULT CHARSET=utf8;
/*!40101 SET character_set_client = @saved_cs_client */;

--
-- Dumping data for table `demunid`
--

LOCK TABLES `demunid` WRITE;
/*!40000 ALTER TABLE `demunid` DISABLE KEYS */;
INSERT INTO `demunid` VALUES (44,6),(45,6),(46,24),(47,6),(48,6),(49,7),(50,6),(51,7),(52,6),(53,6),(54,7),(55,6),(56,6),(57,7),(58,6),(59,7),(60,7),(61,7),(62,7),(63,8),(64,7),(65,7),(66,8),(67,8),(68,8),(69,8),(70,8),(71,8),(72,9),(73,9),(74,8),(75,8),(76,9),(77,8),(78,9),(79,9),(80,13),(81,13),(82,9),(83,13),(84,13),(85,13),(86,13),(87,13),(88,13),(89,13),(90,13),(91,13),(92,9),(93,15),(94,15),(95,9),(96,15),(97,9),(98,9),(99,16),(100,16),(101,16),(102,9),(103,7),(104,16),(105,16),(106,14),(107,14),(108,14),(109,14),(110,14),(111,14),(112,14),(113,14),(114,14),(115,22),(116,22),(117,22),(118,21),(119,21),(120,21),(121,21),(122,22),(123,21),(124,21),(125,21),(126,22),(127,21),(128,21),(129,21),(130,22),(131,22),(132,25),(133,22),(134,25),(135,22),(136,25),(137,22),(138,22),(139,26),(140,26),(141,26),(142,28),(143,28),(144,28),(145,29),(146,29),(147,29),(148,29),(149,31),(150,22),(151,22),(152,22),(153,22),(154,22),(155,22),(156,22),(157,22),(158,22),(159,22),(160,13),(161,22);
/*!40000 ALTER TABLE `demunid` ENABLE KEYS */;
UNLOCK TABLES;

--
-- Table structure for table `responsavel`
--

DROP TABLE IF EXISTS `responsavel`;
/*!40101 SET @saved_cs_client     = @@character_set_client */;
/*!40101 SET character_set_client = utf8 */;
CREATE TABLE `responsavel` (
  `siape` int(7) NOT NULL,
  `nome` varchar(20) DEFAULT NULL,
  `sobrenome` varchar(20) DEFAULT NULL,
  `email` varchar(60) DEFAULT NULL,
  `telefone` bigint(11) DEFAULT NULL,
  PRIMARY KEY (`siape`)
) ENGINE=InnoDB DEFAULT CHARSET=utf8;
/*!40101 SET character_set_client = @saved_cs_client */;

--
-- Dumping data for table `responsavel`
--

LOCK TABLES `responsavel` WRITE;
/*!40000 ALTER TABLE `responsavel` DISABLE KEYS */;
INSERT INTO `responsavel` VALUES (0,'Sem Responsável','(Não Informado)','nulo@nulo.nulo',0),(5151,'Luiz',' de Souza Santos','luiz.santos@funasa.gov.br',6898124108),(404176,'Maria Conceição','Machado dos Anjos','maria.anjos@funasa.gov.br',6232263009),(467895,'Alquimar','Sousa Almeida','asalmeida2001@yahoo.com.br',6332182345),(469763,'CICERO','APARECIDO DA SILVA','cicero.silva@funasa.gov.br',7932342909),(471005,'Luciano','Campelo Albuquerque','luciano.campelo@funasa.gov.br',6932166153),(480550,'Hélio','Tadashi Yamada','helio.yamada@funasa.gov.br',3132482941),(1647960,'Igor H.','K. Sana','igor.sana@funasa.gov.br',4832817740),(1785834,'Laura Maria','Da Costa Candido','laura.candido@funasa.gov.br',67933096363),(1853636,'Renilton','Cavalcante da Silva','renilton.junior@funasa.gov.br',8231942041);
/*!40000 ALTER TABLE `responsavel` ENABLE KEYS */;
UNLOCK TABLES;

--
-- Table structure for table `unidade`
--

DROP TABLE IF EXISTS `unidade`;
/*!40101 SET @saved_cs_client     = @@character_set_client */;
/*!40101 SET character_set_client = utf8 */;
CREATE TABLE `unidade` (
  `idUnid` int(11) NOT NULL AUTO_INCREMENT,
  `siglasUnid` varchar(20) DEFAULT NULL,
  `nomeUnid` varchar(30) DEFAULT NULL,
  `fk_Responsavel` int(11) DEFAULT NULL,
  PRIMARY KEY (`idUnid`),
  KEY `unidade_ibfk_1` (`fk_Responsavel`)
) ENGINE=InnoDB AUTO_INCREMENT=46 DEFAULT CHARSET=utf8;
/*!40101 SET character_set_client = @saved_cs_client */;

--
-- Dumping data for table `unidade`
--

LOCK TABLES `unidade` WRITE;
/*!40000 ALTER TABLE `unidade` DISABLE KEYS */;
INSERT INTO `unidade` VALUES (6,'SUEST AC',NULL,NULL),(7,'SUEST AL',NULL,NULL),(8,'SUEST AM',NULL,NULL),(9,'SUEST AP',NULL,NULL),(10,'SUEST BA',NULL,NULL),(11,'SUEST CE',NULL,NULL),(12,'SUEST ES',NULL,NULL),(13,'SUEST GO',NULL,NULL),(14,'SUEST MA',NULL,NULL),(15,'SUEST MG',NULL,NULL),(16,'SUEST MS',NULL,NULL),(17,'SUEST MT',NULL,NULL),(18,'SUEST PA',NULL,NULL),(19,'SUEST PB',NULL,NULL),(20,'SUEST PE',NULL,NULL),(21,'SUEST PI',NULL,NULL),(22,'SUEST PR',NULL,NULL),(23,'SUEST RJ',NULL,NULL),(24,'SUEST RN',NULL,NULL),(25,'SUEST RO',NULL,NULL),(26,'SUEST RR',NULL,NULL),(27,'SUEST RS',NULL,NULL),(28,'SUEST SC',NULL,NULL),(29,'SUEST SE',NULL,NULL),(30,'SUEST SP',NULL,NULL),(31,'SUEST TO',NULL,NULL),(32,'DEADM/CGLOG',NULL,NULL),(33,'DEADM/CGOFI',NULL,NULL),(34,'DEADM/CGMTI',NULL,NULL),(35,'DEADM/CGESP',NULL,NULL),(36,'DIREX/COTEC',NULL,NULL),(37,'DIREX/CGPLA',NULL,NULL),(38,'DIREX/CGCON',NULL,NULL),(39,'DENSP/CGESA',NULL,NULL),(40,'DENSP/CGCOT',NULL,NULL),(41,'DESNP/CGEAR',NULL,NULL),(42,'DESAM/COESA',NULL,NULL),(43,'DESAM/COCAG',NULL,NULL),(44,'DESAM/COPET',NULL,NULL),(45,'DESAM/COPAE',NULL,NULL);
/*!40000 ALTER TABLE `unidade` ENABLE KEYS */;
UNLOCK TABLES;

--
-- Table structure for table `usuarios`
--

DROP TABLE IF EXISTS `usuarios`;
/*!40101 SET @saved_cs_client     = @@character_set_client */;
/*!40101 SET character_set_client = utf8 */;
CREATE TABLE `usuarios` (
  `email` varchar(60) NOT NULL,
  `nome` varchar(40) NOT NULL,
  `senha` varchar(20) NOT NULL,
  PRIMARY KEY (`email`)
) ENGINE=InnoDB DEFAULT CHARSET=utf8;
/*!40101 SET character_set_client = @saved_cs_client */;

--
-- Dumping data for table `usuarios`
--

LOCK TABLES `usuarios` WRITE;
/*!40000 ALTER TABLE `usuarios` DISABLE KEYS */;
INSERT INTO `usuarios` VALUES ('bruno.graciano@funasa.gov.br','Bruno Graciano','123'),('samuel.costa@funasa.gov.br','samuel.costa','123');
/*!40000 ALTER TABLE `usuarios` ENABLE KEYS */;
UNLOCK TABLES;
/*!40103 SET TIME_ZONE=@OLD_TIME_ZONE */;

/*!40101 SET SQL_MODE=@OLD_SQL_MODE */;
/*!40014 SET FOREIGN_KEY_CHECKS=@OLD_FOREIGN_KEY_CHECKS */;
/*!40014 SET UNIQUE_CHECKS=@OLD_UNIQUE_CHECKS */;
/*!40101 SET CHARACTER_SET_CLIENT=@OLD_CHARACTER_SET_CLIENT */;
/*!40101 SET CHARACTER_SET_RESULTS=@OLD_CHARACTER_SET_RESULTS */;
/*!40101 SET COLLATION_CONNECTION=@OLD_COLLATION_CONNECTION */;
/*!40111 SET SQL_NOTES=@OLD_SQL_NOTES */;

-- Dump completed on 2019-08-06 17:16:06
